Order_ID,Region,Product,Demand,Inventory,Lead_Time,Transport_Cost,Warehouse_Capacity,Warehouse_Utilization,On_Time_Delivery
1,West,Electronics,122,332,5,1916,798,63,1
2,North,Apparel,110,518,7,3603,983,49,1
3,South,Apparel,220,441,12,3828,1220,77,0
4,East,Grocery,159,509,6,360,808,66,1
5,West,Grocery,59,364,4,211,1967,91,1
6,West,Apparel,164,372,14,395,1819,80,0
7,West,Electronics,304,371,4,2078,1819,67,1
8,West,Apparel,243,133,14,3629,1914,88,0
9,North,Electronics,52,74,8,360,1094,92,0
10,South,Apparel,498,505,12,1987,1566,73,0
11,East,Electronics,258,105,14,4532,968,70,0
12,West,Apparel,399,294,12,1044,519,52,0
13,North,Grocery,231,303,13,4747,598,46,0
14,South,Electronics,147,275,7,4706,700,81,1
15,East,Electronics,298,346,10,2699,1881,94,1
16,East,Electronics,341,342,13,767,508,43,0
17,East,Grocery,458,66,6,4066,1134,95,1
18,North,Electronics,316,519,7,2359,657,55,0
19,West,Electronics,172,121,10,1955,636,52,1
20,East,Grocery,253,327,7,3764,523,70,0
21,North,Grocery,388,323,4,2986,1163,43,1
22,North,Grocery,425,44,3,3509,1286,88,0
23,West,Apparel,436,389,6,4200,880,77,1
24,West,Apparel,356,56,1,2211,1112,59,1
25,North,Apparel,432,330,11,2457,1536,72,0
26,North,Electronics,60,306,13,1383,866,79,0
27,West,Apparel,264,219,12,363,1320,68,0
28,West,Grocery,347,448,3,3243,1381,66,1
29,East,Apparel,67,49,8,1952,1689,95,1
30,East,Electronics,119,574,6,1827,1748,59,1
31,West,Grocery,350,233,9,1788,1911,53,1
32,North,Apparel,442,364,9,3739,1250,44,0
33,North,Apparel,109,368,8,3536,1243,63,1
34,West,Apparel,122,367,14,2014,1893,56,0
35,South,Grocery,309,463,4,4293,1566,43,1
36,North,Grocery,185,283,4,3503,1687,47,1
37,North,Electronics,184,351,10,1095,1642,49,1
38,West,Apparel,220,261,14,3725,1799,69,0
39,South,Grocery,267,478,2,432,774,62,0
40,North,Grocery,345,186,3,2221,1627,55,1
41,West,Electronics,245,420,12,4701,924,54,0
42,South,Grocery,489,174,4,3788,1420,51,0
43,North,Grocery,156,463,14,1588,1981,88,0
44,East,Apparel,266,469,11,984,1993,95,0
45,North,Apparel,52,277,6,2997,639,83,1
46,South,Apparel,275,251,4,659,881,58,1
47,East,Electronics,319,338,1,729,1831,53,0
48,East,Apparel,148,409,3,4318,1817,97,1
49,North,Grocery,489,509,9,1247,1062,69,1
50,East,Apparel,293,202,4,3864,1111,88,1
51,South,Grocery,301,196,1,1676,1378,55,0
52,West,Electronics,285,353,11,3257,944,60,0
53,West,Apparel,306,494,14,4184,790,54,0
54,West,Electronics,121,243,2,3831,1887,70,1
55,North,Electronics,270,354,6,1496,1519,98,0
56,West,Apparel,84,120,9,2427,1781,60,1
57,North,Electronics,185,287,13,951,1773,65,0
58,South,Grocery,458,528,9,4204,929,64,1
59,North,Apparel,482,357,8,3090,1749,69,1
60,North,Electronics,292,56,10,374,1299,88,1
61,East,Grocery,262,176,1,756,1662,62,0
62,West,Grocery,422,271,7,4776,1932,76,1
63,South,Electronics,466,477,13,623,1549,97,0
64,North,Electronics,439,496,6,2380,1691,42,1
65,North,Grocery,245,363,5,3470,1197,58,1
66,North,Grocery,494,168,11,834,1211,46,0
67,West,Electronics,499,559,5,3118,1033,89,1
68,West,Grocery,415,351,13,1193,1626,44,0
69,East,Electronics,341,562,12,2149,1325,71,0
70,South,Grocery,324,260,10,1648,946,92,1
71,West,Grocery,216,224,3,2291,1278,58,1
72,North,Grocery,319,399,1,850,831,51,0
73,South,Apparel,337,242,10,1276,1686,54,1
74,West,Apparel,460,250,12,4801,1466,77,0
75,West,Electronics,378,563,6,1253,723,44,1
76,North,Grocery,121,466,1,371,500,59,1
77,West,Electronics,260,433,14,4314,1642,84,0
78,North,Grocery,320,527,3,1856,1352,69,1
79,South,Grocery,167,578,2,2527,788,71,0
80,North,Electronics,125,596,6,3138,1578,65,1
81,West,Grocery,200,114,5,958,1724,55,1
82,South,Grocery,431,320,9,2469,1511,66,1
83,West,Apparel,197,401,10,3812,520,91,1
84,West,Apparel,221,372,13,3428,1196,98,0
85,West,Apparel,445,596,14,4357,1652,82,0
86,South,Apparel,377,587,1,4060,1911,86,1
87,West,Grocery,122,496,4,4709,1426,62,1
88,West,Electronics,439,52,14,4765,900,63,0
89,North,Grocery,79,593,3,1794,738,58,0
90,West,Grocery,431,228,13,666,1996,70,0
91,South,Electronics,345,185,3,1946,809,96,1
92,West,Grocery,370,222,10,2667,1498,42,1
93,East,Electronics,329,192,5,4152,874,96,1
94,South,Electronics,276,286,3,2422,1280,90,1
95,South,Grocery,289,414,4,350,1728,57,0
96,South,Grocery,407,161,12,792,1622,84,0
97,South,Apparel,247,574,4,1842,1178,87,0
98,South,Electronics,147,583,9,3772,1457,75,1
99,West,Electronics,60,336,5,3703,1004,55,1
100,West,Apparel,81,142,5,2926,1236,70,1
101,East,Grocery,417,557,5,1566,1212,95,1
102,West,Apparel,272,276,13,565,618,54,0
103,East,Grocery,352,413,5,2291,833,83,0
104,East,Electronics,161,597,4,4885,1350,94,1
105,South,Electronics,208,372,3,2397,632,97,1
106,West,Electronics,463,558,1,4454,1164,96,1
107,West,Electronics,396,401,11,474,1201,68,0
108,West,Apparel,462,128,4,4276,1002,84,1
109,East,Grocery,467,434,10,2514,510,67,0
110,West,Grocery,267,425,14,3180,1462,97,0
111,North,Apparel,406,535,4,2206,1363,48,0
112,North,Apparel,414,100,11,2434,1529,45,0
113,South,Grocery,154,484,8,2718,1940,61,1
114,West,Grocery,365,107,10,1160,1844,66,0
115,South,Apparel,91,264,7,4950,1857,91,1
116,South,Electronics,413,544,4,2411,1452,75,1
117,North,Apparel,140,286,8,4665,861,76,0
118,West,Electronics,56,574,4,3653,1806,59,1
119,East,Grocery,207,567,9,919,561,71,1
120,East,Grocery,164,184,1,1876,1759,43,1
121,North,Electronics,57,490,10,4519,636,42,1
122,North,Grocery,150,332,12,798,739,59,0
123,South,Grocery,342,359,3,4693,1596,83,0
124,North,Electronics,253,380,4,4825,1603,75,1
125,West,Apparel,285,82,12,602,1082,99,0
126,West,Apparel,187,204,7,1884,1758,98,0
127,West,Electronics,71,467,12,1536,1531,63,0
128,North,Apparel,299,469,11,2789,805,55,0
129,North,Grocery,189,550,12,3585,1046,46,0
130,West,Apparel,78,267,3,1570,1813,48,1
131,North,Grocery,350,589,3,2216,1287,46,0
132,East,Apparel,185,198,2,3043,1707,88,1
133,East,Electronics,129,442,13,1098,1385,62,0
134,East,Grocery,115,502,1,1972,891,72,1
135,West,Grocery,425,85,12,1543,1672,47,0
136,West,Grocery,487,133,2,3419,1346,45,1
137,West,Electronics,285,141,7,946,741,86,1
138,South,Electronics,396,585,3,4316,593,47,1
139,East,Apparel,356,574,7,1420,1182,50,0
140,West,Grocery,268,47,4,4655,1340,78,0
141,West,Apparel,220,286,10,4853,1529,72,0
142,South,Grocery,467,561,1,3226,1516,86,1
143,North,Apparel,474,214,4,4314,612,70,1
144,North,Apparel,263,135,7,678,1421,67,1
145,West,Electronics,109,255,1,975,728,56,1
146,South,Grocery,348,436,5,3260,1636,94,0
147,North,Electronics,113,230,9,2322,569,92,1
148,East,Electronics,205,209,4,2086,745,97,1
149,East,Grocery,306,350,9,3016,1199,63,0
150,South,Electronics,132,90,5,2270,1028,59,1
151,East,Grocery,384,272,9,4826,743,73,1
152,South,Apparel,320,425,11,1386,1344,86,0
153,North,Grocery,125,419,10,4015,587,90,0
154,West,Electronics,238,338,10,207,807,74,1
155,West,Electronics,131,521,8,294,803,67,1
156,South,Apparel,158,402,2,1387,1284,61,1
157,East,Grocery,418,507,6,4772,1561,71,0
158,West,Apparel,156,308,6,2883,1585,75,0
159,South,Grocery,60,386,8,356,1918,62,1
160,North,Grocery,309,263,8,539,1164,67,1
161,North,Grocery,347,61,7,2617,797,83,0
162,South,Apparel,292,537,6,2469,631,82,1
163,South,Electronics,159,255,12,1755,905,91,0
164,South,Electronics,168,170,1,4319,1743,83,0
165,East,Grocery,322,200,6,1677,1707,78,1
166,North,Apparel,57,319,8,4769,763,84,1
167,North,Apparel,149,580,13,787,1152,96,0
168,East,Electronics,112,400,5,4455,1479,62,1
169,East,Grocery,171,219,4,1614,834,96,0
170,East,Electronics,70,535,14,496,743,53,0
171,North,Electronics,465,150,2,2011,1866,77,1
172,East,Electronics,54,487,9,1037,1619,53,1
173,North,Grocery,154,556,7,2487,628,64,0
174,East,Apparel,264,392,8,4133,656,71,1
175,West,Apparel,379,317,10,2995,1748,75,1
176,East,Grocery,239,458,4,1274,1996,80,1
177,East,Apparel,326,135,12,2428,1049,91,0
178,North,Electronics,127,245,6,4854,1800,45,1
179,South,Apparel,222,232,13,3703,1613,58,0
180,South,Grocery,373,244,2,606,1214,85,1
181,East,Grocery,245,136,4,4881,769,57,1
182,East,Apparel,482,306,3,1506,569,81,1
183,South,Electronics,374,564,5,4635,732,59,1
184,South,Apparel,373,588,9,957,1948,60,0
185,West,Grocery,194,83,7,2462,1986,82,1
186,South,Electronics,419,124,2,4811,1500,62,1
187,East,Grocery,158,465,5,1351,1216,99,0
188,North,Grocery,185,113,1,1958,631,54,1
189,South,Apparel,457,333,4,3042,767,62,1
190,North,Grocery,425,118,9,3023,1415,96,0
191,North,Apparel,320,248,5,4008,1621,66,1
192,East,Grocery,357,364,10,2555,1595,59,0
193,West,Apparel,462,84,1,552,657,73,1
194,South,Electronics,324,413,4,2498,628,72,1
195,South,Electronics,480,76,14,361,1321,96,0
196,West,Apparel,286,528,3,4011,576,61,0
197,South,Electronics,150,289,1,1917,1504,94,1
198,North,Apparel,488,64,1,2144,1493,75,0
199,West,Apparel,254,50,12,1864,1792,75,0
200,North,Grocery,498,46,10,1421,757,58,1
201,South,Electronics,169,136,7,4060,797,49,1
202,West,Electronics,353,559,11,2847,1813,91,0
203,East,Apparel,489,185,2,753,1381,67,0
204,North,Grocery,307,445,11,2050,1860,89,0
205,South,Apparel,441,80,12,2661,780,94,0
206,South,Electronics,60,305,1,4059,524,53,1
207,South,Electronics,194,277,6,2095,1715,89,1
208,East,Apparel,371,473,11,935,787,69,0
209,West,Grocery,71,64,4,4916,1705,94,1
210,North,Grocery,426,443,4,2922,1254,84,1
211,North,Electronics,488,500,11,4108,1721,96,0
212,West,Electronics,491,511,11,4981,1025,95,0
213,West,Grocery,268,234,12,617,583,92,0
214,West,Grocery,183,233,11,2970,796,61,0
215,South,Apparel,473,65,3,1099,1717,83,1
216,North,Electronics,127,419,1,3162,1017,74,1
217,North,Apparel,235,122,6,4749,877,46,1
218,South,Grocery,228,331,3,4820,514,82,1
219,North,Grocery,459,268,7,4172,1954,57,1
220,West,Grocery,469,52,7,1754,919,58,0
221,South,Apparel,438,352,8,2431,1464,42,1
222,East,Grocery,303,366,7,4535,646,66,1
223,South,Apparel,121,509,14,1758,1423,48,0
224,East,Electronics,150,268,10,4837,647,69,1
225,West,Apparel,339,204,10,1326,1511,46,0
226,West,Grocery,304,211,1,3364,576,74,1
227,West,Electronics,189,264,7,2837,988,63,1
228,East,Grocery,295,261,10,4103,1113,86,1
229,West,Apparel,153,196,2,4856,1553,55,1
230,North,Electronics,323,330,14,4906,1484,44,0
231,North,Electronics,58,307,4,3325,1805,95,1
232,South,Grocery,411,521,12,4637,1938,74,0
233,West,Electronics,131,585,8,4323,1740,50,0
234,South,Electronics,191,325,2,1206,705,60,1
235,North,Electronics,433,135,8,2991,1501,67,1
236,South,Apparel,191,211,7,4245,1351,58,1
237,West,Apparel,222,107,10,3808,1691,79,1
238,West,Apparel,84,419,10,255,1297,44,0
239,South,Grocery,56,303,3,1450,1897,84,0
240,South,Grocery,342,44,9,2692,816,92,1
241,North,Electronics,277,539,12,3492,502,98,0
242,North,Apparel,292,325,10,3226,829,93,0
243,West,Grocery,60,321,1,3884,1615,69,1
244,East,Electronics,250,139,3,2384,1996,58,1
245,South,Electronics,323,347,9,2943,688,65,0
246,South,Apparel,111,277,2,2144,897,77,1
247,East,Apparel,295,534,10,1581,1161,78,0
248,North,Apparel,271,558,1,4915,1391,80,0
249,East,Grocery,60,242,12,4577,1693,73,0
250,West,Electronics,208,438,14,2278,579,42,0
251,North,Grocery,270,503,9,2663,1382,73,1
252,West,Grocery,406,273,3,1112,1617,95,1
253,East,Apparel,170,165,13,1809,1731,40,0
254,East,Electronics,382,496,8,2640,810,90,1
255,South,Electronics,195,577,5,523,1809,45,1
256,South,Electronics,155,147,13,2961,1748,87,0
257,South,Apparel,328,194,5,2566,646,48,1
258,South,Electronics,401,275,11,1665,1054,94,0
259,West,Apparel,330,299,7,2783,1453,65,0
260,South,Grocery,402,129,14,1481,555,65,0
261,West,Apparel,248,276,6,4743,1160,47,1
262,East,Grocery,332,33,6,2887,1905,60,0
263,North,Electronics,113,50,6,3061,1499,79,1
264,North,Grocery,69,459,13,4866,507,75,0
265,South,Electronics,475,41,13,3854,1793,43,0
266,South,Grocery,490,104,3,4064,1262,84,1
267,East,Grocery,297,98,9,3795,742,46,0
268,South,Grocery,399,577,7,4716,1167,66,0
269,South,Electronics,112,388,3,2851,1486,55,1
270,West,Apparel,112,290,14,3800,870,92,0
271,West,Apparel,81,428,12,2012,881,41,0
272,East,Apparel,185,559,13,2182,1133,94,0
273,North,Electronics,124,507,8,2194,1332,79,1
274,South,Electronics,458,82,4,980,1372,94,1
275,East,Grocery,376,365,3,3816,1801,46,1
276,East,Grocery,69,187,12,4303,978,71,0
277,East,Electronics,451,350,3,3399,1489,76,1
278,North,Electronics,449,537,5,3375,1828,98,1
279,East,Grocery,195,412,3,4444,1001,84,1
280,West,Apparel,130,223,13,4287,1710,53,0
281,North,Apparel,245,490,4,2359,1564,99,1
282,North,Grocery,479,391,13,648,1778,64,0
283,West,Grocery,137,236,6,2029,1767,40,1
284,South,Apparel,236,226,3,2385,1176,77,1
285,North,Grocery,376,375,6,4984,1400,59,1
286,South,Apparel,420,285,12,4475,1290,60,0
287,North,Grocery,209,380,8,1588,1569,49,1
288,East,Electronics,233,282,5,700,919,43,1
289,West,Grocery,237,213,6,4291,731,66,1
290,East,Grocery,298,480,4,4974,1939,97,0
291,East,Grocery,140,320,5,671,1331,74,1
292,North,Grocery,487,382,4,3903,1581,75,1
293,West,Grocery,126,197,7,1354,666,42,1
294,South,Grocery,308,287,13,579,1515,60,0
295,West,Grocery,435,229,7,3160,920,73,1
296,North,Apparel,243,548,11,945,1911,68,0
297,East,Grocery,462,258,1,633,935,72,1
298,West,Grocery,281,558,3,1416,1213,61,1
299,North,Apparel,431,138,10,1813,1866,91,0
300,North,Electronics,96,388,2,4461,1581,90,0
301,North,Electronics,307,42,14,504,559,42,0
302,North,Grocery,442,254,10,293,729,48,0
303,South,Electronics,305,462,6,2904,1738,59,1
304,East,Grocery,232,488,1,567,801,82,0
305,North,Electronics,144,474,2,629,1291,86,0
306,East,Apparel,427,527,10,1232,1501,96,1
307,North,Electronics,211,588,9,400,1482,78,1
308,West,Grocery,59,265,6,1188,1580,76,1
309,West,Apparel,422,226,10,3757,1188,92,1
310,South,Electronics,240,127,7,4024,847,54,1
311,South,Grocery,268,211,4,2338,880,75,1
312,North,Apparel,280,374,14,4467,600,67,0
313,South,Grocery,280,291,14,4436,1956,47,0
314,West,Grocery,161,531,6,4631,560,96,0
315,East,Grocery,429,415,13,418,652,64,0
316,North,Grocery,425,83,12,2050,593,57,0
317,North,Electronics,367,411,13,1347,1562,75,0
318,North,Grocery,310,292,10,1361,1177,60,0
319,South,Apparel,419,94,12,2034,1168,61,0
320,North,Apparel,142,193,6,3825,1367,53,1
321,West,Apparel,221,35,1,4308,1721,47,0
322,South,Apparel,77,272,3,4382,595,53,1
323,South,Electronics,64,390,4,4838,835,57,1
324,South,Electronics,61,551,4,962,679,95,1
325,East,Apparel,422,325,7,4187,1369,83,0
326,East,Grocery,157,103,1,3420,1358,80,0
327,North,Apparel,356,169,5,3297,1921,93,1
328,North,Apparel,435,311,7,2384,929,60,1
329,West,Grocery,425,460,11,2867,1170,64,0
330,West,Grocery,372,428,10,2103,1183,98,0
331,North,Grocery,478,593,7,1610,631,94,1
332,West,Electronics,317,334,7,455,1717,41,1
333,East,Electronics,326,218,13,767,1669,93,0
334,East,Apparel,281,549,3,2101,1868,62,1
335,North,Electronics,404,192,3,2000,1959,50,0
336,East,Apparel,216,572,1,794,1174,81,1
337,West,Grocery,228,386,4,1238,1336,98,1
338,East,Grocery,86,347,10,4621,1747,83,1
339,East,Apparel,189,421,10,284,660,48,0
340,South,Electronics,86,566,4,4883,1780,77,1
341,West,Grocery,111,579,12,1671,1878,48,0
342,South,Grocery,439,457,5,530,1997,75,1
343,South,Electronics,270,308,6,2970,1632,88,1
344,North,Electronics,313,266,14,496,1270,44,0
345,West,Apparel,262,227,14,4098,661,90,0
346,West,Electronics,336,426,7,3653,1595,96,1
347,South,Grocery,298,546,10,3636,753,94,0
348,East,Apparel,50,209,7,594,1079,57,1
349,North,Electronics,412,260,8,2207,1935,57,1
350,South,Apparel,284,521,12,4233,1948,98,0
351,West,Grocery,477,359,9,261,939,90,1
352,West,Grocery,271,92,4,218,1713,51,1
353,North,Grocery,466,481,9,3458,1758,91,1
354,East,Grocery,242,424,4,2942,1954,60,1
355,West,Grocery,340,292,6,832,1254,91,1
356,South,Apparel,151,87,2,3803,1873,48,1
357,West,Grocery,470,82,10,2407,1240,61,0
358,South,Grocery,395,399,9,2593,719,89,1
359,South,Apparel,288,330,14,2403,1692,67,0
360,East,Electronics,215,325,9,349,1809,89,1
361,East,Apparel,99,325,10,3235,1358,54,1
362,North,Electronics,154,143,2,3911,539,75,0
363,West,Electronics,361,525,1,1550,1240,45,0
364,North,Electronics,107,406,12,4595,1089,94,0
365,North,Grocery,194,482,6,1545,704,84,1
366,South,Grocery,166,292,14,1323,1330,67,0
367,East,Electronics,99,270,3,2477,1608,75,0
368,East,Grocery,468,476,4,4041,1836,88,1
369,North,Grocery,350,350,6,4582,846,72,1
370,North,Electronics,89,256,14,4746,992,65,0
371,West,Grocery,410,248,7,1501,1457,73,1
372,South,Electronics,290,240,4,2867,1199,55,1
373,North,Electronics,107,576,1,274,1182,95,0
374,North,Electronics,154,212,9,2621,570,58,1
375,East,Electronics,289,243,6,4726,1120,53,1
376,South,Apparel,416,176,5,4160,1029,83,0
377,West,Electronics,466,66,7,718,1547,44,1
378,East,Apparel,466,485,7,287,869,57,1
379,North,Apparel,210,241,10,2572,1165,53,1
380,South,Electronics,213,131,3,3028,1785,73,0
381,East,Electronics,295,560,2,1924,1057,70,1
382,North,Grocery,159,476,4,1595,757,45,1
383,North,Apparel,95,404,11,1897,1919,61,0
384,North,Apparel,327,533,14,1352,1305,43,0
385,West,Apparel,383,319,7,1042,1415,70,0
386,North,Grocery,455,133,7,2014,1980,75,1
387,West,Electronics,50,65,4,644,825,99,1
388,South,Apparel,68,237,7,3755,863,92,1
389,East,Electronics,109,302,4,789,1377,75,1
390,North,Apparel,201,69,2,4535,1826,98,1
391,South,Apparel,364,296,11,4862,1737,63,0
392,East,Grocery,116,243,1,875,713,69,1
393,South,Electronics,373,486,10,1030,1890,46,1
394,East,Electronics,147,413,4,2987,1592,67,1
395,East,Electronics,210,586,14,520,1813,44,0
396,South,Apparel,291,107,13,4770,1474,95,0
397,West,Apparel,93,141,1,2245,1035,83,1
398,West,Grocery,234,181,11,1611,1468,57,0
399,South,Grocery,207,403,9,3703,1143,58,1
400,South,Electronics,80,362,11,610,1183,50,0
401,East,Apparel,250,118,10,2440,1781,58,1
402,West,Apparel,256,479,14,3350,1877,42,0
403,South,Grocery,157,34,10,4689,949,69,0
404,North,Apparel,393,507,13,2719,1996,62,0
405,East,Apparel,276,471,6,644,1050,99,0
406,East,Electronics,128,120,7,602,754,97,1
407,East,Apparel,444,361,12,3366,1583,65,0
408,North,Apparel,423,374,3,4804,1344,68,0
409,East,Electronics,390,37,8,3989,1457,77,0
410,East,Apparel,219,358,4,610,1905,98,0
411,South,Electronics,469,103,13,666,1730,65,0
412,East,Electronics,97,541,3,1626,1143,50,0
413,North,Apparel,77,493,13,3749,1114,86,0
414,East,Electronics,481,112,12,2816,1099,57,0
415,North,Apparel,216,223,3,1529,1086,95,0
416,South,Grocery,303,259,9,1886,1807,41,0
417,West,Grocery,240,47,9,2055,510,54,1
418,West,Electronics,435,261,11,3527,1761,60,0
419,West,Electronics,202,151,3,1305,687,74,0
420,North,Electronics,499,326,4,2789,1974,57,1
421,East,Apparel,380,362,4,4606,1349,96,1
422,North,Apparel,313,149,7,948,1076,56,1
423,South,Electronics,377,237,13,2579,1668,98,0
424,North,Grocery,58,215,1,3026,556,99,0
425,South,Electronics,447,128,1,4070,1227,55,0
426,South,Electronics,168,109,11,2244,1661,55,0
427,North,Grocery,362,512,7,3392,742,55,1
428,West,Apparel,307,331,6,2138,1849,63,0
429,West,Grocery,446,281,5,3741,521,74,0
430,East,Electronics,437,142,4,275,551,93,1
431,East,Grocery,297,593,12,1677,1167,52,0
432,East,Electronics,287,383,13,965,1326,94,0
433,East,Apparel,112,32,14,632,1627,83,0
434,South,Electronics,241,391,9,1034,1198,56,0
435,East,Apparel,100,166,5,4416,1025,51,0
436,South,Grocery,441,537,5,594,1830,82,1
437,East,Electronics,212,260,11,777,765,57,0
438,South,Grocery,303,301,3,2931,541,80,1
439,West,Apparel,348,178,14,2066,1698,81,0
440,West,Apparel,307,583,1,3769,1920,66,1
441,North,Apparel,168,91,12,3199,901,90,0
442,North,Grocery,137,282,9,2540,1211,40,1
443,West,Apparel,254,58,7,2881,935,76,1
444,South,Apparel,334,594,13,3696,877,42,0
445,East,Electronics,399,309,8,1924,688,76,1
446,North,Electronics,156,567,9,2068,1776,42,1
447,North,Apparel,140,523,7,1718,1215,88,1
448,North,Apparel,316,487,7,2416,1721,91,0
449,South,Electronics,101,494,5,2101,545,49,0
450,South,Grocery,286,302,1,1135,1812,99,0
451,East,Electronics,156,274,1,4266,600,46,1
452,West,Apparel,357,103,6,3164,697,86,0
453,West,Grocery,68,587,5,2365,737,98,1
454,West,Electronics,387,276,14,1227,1380,81,0
455,North,Grocery,72,445,11,3434,1326,83,0
456,North,Electronics,413,485,7,3167,1011,71,0
457,South,Grocery,400,61,10,3380,559,51,0
458,West,Grocery,120,582,6,3444,1881,63,0
459,South,Electronics,71,477,9,3665,1396,45,1
460,West,Grocery,403,168,8,4473,1946,97,1
461,South,Electronics,419,567,7,3123,1585,64,1
462,West,Electronics,189,566,3,939,1192,85,1
463,South,Electronics,489,369,13,1025,1718,91,0
464,East,Grocery,286,426,3,1675,1144,41,0
465,West,Apparel,152,103,14,1173,1604,82,0
466,West,Grocery,380,105,7,3605,1555,91,0
467,East,Apparel,254,111,2,4939,1031,93,0
468,South,Grocery,426,470,6,4447,794,42,1
469,East,Grocery,331,371,2,1495,1770,93,1
470,West,Apparel,233,528,5,1119,1747,78,1
471,East,Apparel,155,370,12,3416,1687,82,0
472,South,Apparel,72,420,3,3566,1022,97,1
473,South,Electronics,475,319,10,2043,1965,96,1
474,North,Electronics,165,468,1,981,969,63,1
475,North,Apparel,493,441,9,4694,1380,68,1
476,West,Apparel,362,92,8,2967,1818,65,0
477,East,Grocery,105,595,2,647,1315,74,1
478,East,Electronics,401,395,14,1914,1717,46,0
479,West,Grocery,364,548,5,3630,731,88,0
480,West,Apparel,359,367,5,2160,1173,46,1
481,South,Electronics,300,307,7,3652,729,45,0
482,East,Apparel,278,491,4,343,1967,61,1
483,West,Apparel,188,445,9,1832,1451,70,1
484,North,Apparel,291,139,9,2368,1569,76,0
485,North,Grocery,152,435,14,547,1592,84,0
486,South,Electronics,351,198,2,565,1476,69,0
487,North,Apparel,219,95,2,3632,1473,83,0
488,North,Grocery,78,447,1,2663,850,75,1
489,South,Grocery,215,168,13,2065,1086,64,0
490,East,Grocery,313,228,5,393,655,75,1
491,West,Electronics,434,578,5,4627,1674,94,1
492,North,Electronics,220,388,1,2425,1817,44,1
493,North,Apparel,405,472,8,2426,757,70,1
494,East,Electronics,411,462,6,3022,1942,40,1
495,South,Grocery,484,158,11,3088,1805,73,0
496,West,Grocery,169,40,6,4507,1496,78,1
497,South,Electronics,453,340,10,1248,1354,58,1
498,South,Apparel,410,573,3,528,1766,47,0
499,South,Electronics,177,96,2,1736,626,92,1
500,East,Electronics,288,326,8,1304,756,67,1
501,North,Electronics,158,37,11,3801,1369,69,0
502,South,Apparel,479,415,6,633,759,52,0
503,West,Apparel,353,162,12,3217,1204,93,0
504,West,Apparel,217,248,1,2944,1763,61,1
505,West,Apparel,53,135,12,2086,1927,64,0
506,East,Electronics,184,334,2,947,1583,61,1
507,North,Apparel,333,74,9,2808,1554,45,1
508,East,Grocery,393,351,9,4178,1154,40,1
509,West,Grocery,356,136,7,3690,1613,91,0
510,North,Grocery,247,131,10,4413,1081,56,1
511,East,Electronics,84,132,2,2163,1897,49,0
512,East,Apparel,317,447,1,3516,1964,61,0
513,North,Grocery,145,131,7,1876,1508,41,0
514,South,Electronics,354,331,8,1409,1333,45,1
515,West,Grocery,408,48,4,2954,1147,76,1
516,North,Electronics,217,85,6,3192,1785,86,1
517,East,Apparel,81,491,9,4214,1785,88,0
518,North,Apparel,348,530,6,4079,1994,56,1
519,East,Apparel,279,78,10,2314,1110,94,1
520,East,Apparel,91,527,8,1921,653,41,1
521,South,Electronics,207,142,6,1937,1389,77,1
522,East,Grocery,363,562,9,4490,1244,69,1
523,East,Apparel,166,368,12,618,1919,98,0
524,North,Apparel,105,244,13,2715,732,86,0
525,West,Electronics,214,257,2,4116,1198,76,0
526,South,Apparel,398,303,7,847,1377,85,1
527,North,Grocery,388,267,3,1805,1604,93,1
528,South,Electronics,106,442,7,413,1473,84,1
529,West,Electronics,494,276,11,2826,1239,44,0
530,North,Apparel,472,315,10,1402,1472,65,0
531,South,Electronics,356,450,4,633,820,64,0
532,East,Apparel,424,547,9,4020,784,93,1
533,South,Apparel,377,502,13,3710,1637,42,0
534,South,Electronics,388,219,2,1766,1519,77,0
535,South,Apparel,81,289,5,3379,1110,72,1
536,North,Apparel,223,194,1,4826,1675,91,0
537,North,Apparel,394,452,3,2442,966,56,1
538,North,Electronics,480,581,13,765,1782,84,0
539,East,Electronics,82,553,4,1406,1780,55,0
540,North,Grocery,166,102,1,1285,668,73,1
541,East,Electronics,493,226,3,1784,783,53,1
542,South,Grocery,430,211,9,2641,1948,82,1
543,West,Apparel,419,88,13,952,1419,61,0
544,West,Apparel,257,360,5,4543,1156,64,1
545,West,Electronics,412,240,7,4392,945,88,1
546,South,Electronics,207,182,11,852,879,66,0
547,East,Apparel,463,221,2,4970,1882,43,1
548,East,Electronics,295,245,9,3582,1242,91,1
549,East,Grocery,125,543,12,3669,1209,93,0
550,East,Grocery,287,180,5,4379,1859,63,0
551,North,Grocery,61,483,6,1440,1869,88,1
552,West,Electronics,399,210,13,2724,1697,84,0
553,East,Grocery,59,465,12,4824,651,43,0
554,North,Apparel,217,596,2,679,925,89,1
555,South,Electronics,105,205,14,1993,1501,80,0
556,South,Electronics,292,151,5,1098,971,43,1
557,East,Grocery,414,553,8,2081,1097,49,0
558,West,Electronics,314,490,2,4885,906,69,1
559,South,Apparel,334,528,11,2118,964,73,0
560,North,Apparel,125,173,13,3793,1537,44,0
561,West,Grocery,329,92,5,2710,1719,66,1
562,East,Grocery,421,584,10,855,1349,94,0
563,South,Grocery,166,367,11,2275,1529,52,0
564,East,Grocery,264,426,13,2554,914,52,0
565,North,Electronics,174,227,10,1066,1058,75,1
566,South,Apparel,134,204,4,618,1722,87,1
567,West,Apparel,362,98,8,1335,845,62,1
568,East,Electronics,196,114,5,3906,1167,46,1
569,West,Grocery,53,575,6,4389,1876,55,1
570,East,Apparel,427,243,11,684,729,96,0
571,East,Apparel,499,156,12,4961,1730,91,0
572,North,Apparel,373,267,11,2295,676,62,0
573,West,Grocery,419,581,5,1156,833,91,0
574,North,Electronics,168,66,3,4306,567,93,0
575,North,Grocery,456,367,2,3795,581,77,0
576,West,Electronics,252,455,12,2166,583,60,0
577,East,Electronics,76,72,14,3376,1569,41,0
578,East,Grocery,237,399,8,4223,1545,78,1
579,North,Grocery,212,494,4,2083,1750,99,1
580,East,Electronics,184,198,5,4603,1774,75,0
581,West,Electronics,105,53,11,2425,1231,93,0
582,North,Electronics,225,281,5,3318,1527,56,0
583,East,Apparel,69,391,8,1366,1600,59,0
584,North,Apparel,329,460,2,4883,638,47,1
585,South,Grocery,466,47,10,525,756,40,0
586,North,Electronics,87,343,9,3819,1255,77,1
587,North,Grocery,477,554,11,1420,1332,97,0
588,North,Apparel,147,367,3,1185,809,53,1
589,South,Apparel,372,490,5,1748,893,58,1
590,West,Electronics,122,535,12,1052,1540,70,0
591,North,Electronics,325,408,14,4087,1822,66,0
592,North,Grocery,437,438,8,2277,577,92,1
593,South,Electronics,360,464,1,4355,1608,81,1
594,South,Electronics,348,339,7,3446,798,56,1
595,West,Apparel,239,30,4,1518,1638,89,1
596,North,Grocery,451,341,1,1924,1540,99,1
597,South,Grocery,204,397,6,4469,836,89,1
598,North,Grocery,73,386,2,4266,1117,84,1
599,East,Grocery,189,225,10,2549,1349,84,1
600,East,Apparel,61,249,1,4302,1484,65,0
601,East,Grocery,348,149,5,2528,565,62,0
602,East,Apparel,264,516,10,601,1643,81,1
603,North,Apparel,227,413,4,3163,967,51,0
604,East,Apparel,116,267,3,569,509,52,1
605,North,Grocery,327,110,5,2968,1253,60,0
606,West,Grocery,122,420,13,355,595,69,0
607,North,Grocery,200,478,14,4350,728,54,0
608,South,Apparel,86,595,4,4402,679,91,1
609,East,Grocery,275,527,8,1598,1714,45,1
610,North,Apparel,423,182,3,4565,1318,91,1
611,North,Electronics,174,367,3,1498,1965,96,1
612,East,Apparel,257,64,10,2237,630,98,1
613,West,Electronics,487,439,13,364,686,79,0
614,West,Grocery,243,467,1,207,813,79,1
615,East,Grocery,452,220,2,346,534,76,1
616,North,Apparel,168,580,3,934,620,41,0
617,South,Grocery,60,455,5,1855,1326,52,1
618,West,Apparel,253,151,9,853,1789,79,1
619,South,Grocery,397,557,13,2455,1926,80,0
620,East,Apparel,263,259,3,2440,989,71,1
621,South,Grocery,233,38,2,4077,1626,69,1
622,North,Grocery,413,571,9,2759,1578,94,1
623,North,Electronics,406,38,5,2534,627,77,0
624,East,Grocery,267,151,10,4444,588,40,1
625,West,Apparel,351,515,14,1395,714,65,0
626,North,Electronics,125,535,9,2150,574,41,1
627,West,Grocery,353,265,6,4646,1357,44,1
628,West,Grocery,68,391,8,3311,1936,77,0
629,North,Apparel,420,126,13,619,1338,40,0
630,West,Electronics,374,479,1,3636,785,40,1
631,South,Grocery,474,278,13,4741,600,43,0
632,East,Grocery,156,221,11,943,1474,83,0
633,North,Apparel,179,350,10,2769,554,54,1
634,North,Grocery,443,346,1,1204,1091,72,1
635,East,Apparel,469,553,11,532,1413,63,0
636,South,Apparel,320,216,2,569,1664,70,0
637,West,Electronics,142,221,6,2558,1883,74,1
638,South,Electronics,267,465,3,1207,617,48,1
639,East,Apparel,386,489,2,3845,1746,46,1
640,East,Electronics,112,203,11,512,1157,96,0
641,East,Grocery,494,138,4,4110,1563,77,1
642,North,Grocery,301,575,11,1737,1176,72,0
643,East,Electronics,309,479,11,3156,1411,82,0
644,East,Apparel,207,72,7,1393,1726,94,1
645,South,Electronics,54,408,9,1867,1760,64,1
646,North,Electronics,167,159,3,3942,1815,52,1
647,West,Electronics,410,141,5,4078,1819,42,0
648,East,Electronics,240,314,12,3486,876,47,0
649,North,Electronics,446,559,3,1207,939,77,0
650,South,Apparel,485,287,14,275,736,61,0
651,North,Apparel,74,129,12,3436,972,76,0
652,East,Electronics,373,324,4,3763,760,77,0
653,East,Apparel,69,241,5,783,1550,65,0
654,West,Apparel,361,213,2,815,1207,88,1
655,North,Grocery,430,395,12,3360,1495,70,0
656,West,Grocery,452,287,2,1353,1629,53,0
657,East,Electronics,487,68,12,3885,1972,43,0
658,North,Grocery,105,453,12,2635,575,40,0
659,North,Grocery,405,208,4,1202,1441,90,1
660,North,Grocery,437,529,12,1015,1280,85,0
661,West,Grocery,222,370,5,3150,1256,96,1
662,North,Grocery,67,107,4,401,1104,41,1
663,North,Apparel,350,82,14,1489,767,83,0
664,East,Apparel,237,224,13,1335,867,94,0
665,South,Grocery,487,336,12,3565,548,93,0
666,West,Apparel,171,160,3,4798,1397,90,1
667,West,Electronics,86,362,12,3057,1774,97,0
668,North,Apparel,475,49,10,1735,1572,65,1
669,North,Electronics,339,397,11,377,1113,88,0
670,West,Apparel,235,117,5,487,1033,92,1
671,West,Electronics,297,251,10,1905,542,40,1
672,East,Grocery,479,61,4,967,1080,90,1
673,South,Electronics,64,279,10,2806,735,82,1
674,North,Grocery,101,481,14,3334,1096,45,0
675,South,Apparel,111,139,6,4939,1963,61,1
676,South,Apparel,460,335,7,1733,1506,94,1
677,South,Grocery,392,446,10,2514,1508,63,1
678,North,Grocery,370,185,10,4696,1424,42,1
679,South,Grocery,236,593,14,2967,770,82,0
680,South,Grocery,221,416,5,941,1430,46,0
681,East,Electronics,64,340,5,3275,1584,93,1
682,East,Grocery,118,343,6,3210,1535,68,1
683,South,Grocery,135,377,3,1308,1847,52,1
684,East,Apparel,436,365,6,2341,1033,57,1
685,West,Grocery,190,477,3,2601,1342,62,0
686,North,Grocery,155,284,2,1288,1678,73,0
687,South,Grocery,415,121,7,2147,872,85,1
688,South,Apparel,319,105,11,2457,1727,82,0
689,East,Apparel,180,107,3,3413,1527,69,0
690,North,Grocery,56,554,8,217,1792,53,1
691,South,Grocery,135,540,11,3288,1113,78,0
692,East,Grocery,104,523,6,2952,1622,41,0
693,North,Electronics,63,38,9,607,626,56,1
694,West,Apparel,122,275,14,3881,1784,42,0
695,East,Grocery,358,194,9,425,1259,42,1
696,East,Electronics,149,236,8,2425,1502,41,1
697,East,Electronics,234,328,4,2249,1139,93,0
698,South,Grocery,471,396,2,3729,1073,87,1
699,West,Grocery,183,217,2,2050,1584,92,0
700,South,Electronics,154,299,2,413,508,56,1
701,East,Electronics,93,37,5,556,973,82,1
702,West,Grocery,315,476,8,354,1514,44,1
703,North,Grocery,356,521,9,742,899,44,1
704,North,Grocery,57,234,12,3597,1423,43,0
705,North,Electronics,411,403,9,2153,1346,96,0
706,West,Grocery,458,581,8,2206,1062,83,1
707,North,Apparel,295,361,2,3944,1004,71,1
708,East,Apparel,153,175,9,326,1509,71,1
709,South,Electronics,363,58,9,2970,1714,78,1
710,East,Electronics,428,190,3,460,1340,65,1
711,South,Grocery,124,271,1,4870,891,50,0
712,East,Electronics,230,377,4,4496,1399,63,1
713,East,Grocery,228,109,8,1475,827,54,1
714,East,Electronics,152,263,9,1327,1468,82,1
715,East,Grocery,219,498,11,2895,1033,56,0
716,West,Grocery,110,181,3,1547,883,60,1
717,North,Electronics,262,86,14,307,1371,51,0
718,South,Electronics,323,54,13,2499,1441,77,0
719,North,Electronics,90,151,12,1289,1853,42,0
720,South,Electronics,493,543,14,3794,1099,52,0
721,East,Electronics,277,490,11,2629,1352,87,0
722,West,Electronics,92,412,2,4411,1250,48,0
723,East,Grocery,380,437,4,4318,887,62,1
724,North,Electronics,279,430,5,4989,883,57,0
725,West,Apparel,318,311,7,4398,1428,85,0
726,West,Grocery,196,97,8,4392,1762,84,1
727,North,Grocery,249,239,9,2407,658,50,1
728,North,Electronics,55,339,6,4889,1128,57,1
729,West,Grocery,491,194,9,2678,1212,89,1
730,South,Grocery,474,344,9,4831,1028,69,1
731,West,Electronics,383,178,9,3503,1857,77,1
732,South,Grocery,370,234,11,3866,1096,96,0
733,South,Electronics,158,79,10,3545,1675,88,1
734,North,Electronics,295,183,1,1343,1829,95,1
735,South,Electronics,203,81,6,4936,1088,44,1
736,North,Apparel,386,42,8,3036,1116,78,1
737,West,Apparel,141,51,9,325,1587,77,0
738,East,Grocery,353,120,3,1788,689,68,0
739,North,Electronics,286,500,12,1010,592,44,0
740,East,Grocery,473,93,9,4471,745,68,1
741,West,Grocery,343,37,11,410,1369,95,0
742,East,Electronics,498,91,6,1497,1442,50,0
743,West,Apparel,310,437,1,4177,1397,94,1
744,South,Electronics,222,437,12,967,747,54,0
745,North,Grocery,78,85,2,3869,1628,94,0
746,North,Electronics,241,411,5,1029,1739,92,1
747,West,Apparel,447,321,5,985,1716,77,0
748,East,Apparel,126,416,7,1276,1436,77,0
749,West,Grocery,82,376,5,2187,1095,62,0
750,South,Electronics,337,415,6,3802,1603,49,0
751,West,Electronics,134,551,8,3099,1326,76,1
752,West,Apparel,387,599,10,2850,1658,80,1
753,East,Electronics,284,236,6,3956,1733,69,1
754,East,Apparel,388,561,9,4824,757,85,1
755,North,Apparel,423,100,12,2991,669,57,0
756,South,Grocery,266,357,7,3628,1703,92,1
757,South,Apparel,449,85,7,2821,953,87,1
758,South,Grocery,101,475,1,1377,1362,83,1
759,West,Apparel,284,245,5,3145,1590,82,1
760,South,Electronics,416,249,2,2069,650,75,1
761,East,Grocery,223,273,8,2577,985,77,1
762,East,Electronics,187,64,6,3763,1906,85,0
763,East,Apparel,104,33,1,3211,1986,84,1
764,North,Electronics,400,55,6,507,1677,73,0
765,South,Grocery,181,356,14,3902,1362,87,0
766,East,Electronics,155,462,4,1988,1049,57,1
767,South,Apparel,227,419,1,1861,1006,73,1
768,West,Apparel,234,171,13,2207,722,53,0
769,East,Apparel,361,565,11,1181,1807,90,0
770,South,Apparel,222,286,13,2207,986,96,0
771,North,Grocery,173,147,13,1967,595,64,0
772,West,Apparel,60,437,14,1391,1052,94,0
773,North,Electronics,72,411,9,3179,889,99,1
774,East,Apparel,273,545,8,1668,779,76,0
775,West,Electronics,448,139,2,2557,1895,97,1
776,East,Apparel,199,145,3,224,1366,51,1
777,East,Apparel,103,339,5,1219,1771,94,1
778,East,Electronics,320,411,8,361,1458,83,1
779,West,Apparel,404,587,5,4245,1240,52,1
780,South,Electronics,450,402,7,667,1694,57,1
781,South,Electronics,306,583,11,2299,790,92,0
782,North,Grocery,203,303,12,2723,758,93,0
783,South,Grocery,248,359,4,1411,1894,50,1
784,North,Apparel,223,495,10,2823,590,48,1
785,South,Grocery,51,399,4,1173,1181,66,1
786,South,Grocery,405,310,1,2686,1202,70,1
787,West,Electronics,392,221,14,2059,1110,92,0
788,South,Electronics,147,423,7,698,793,94,0
789,East,Electronics,423,455,5,903,948,67,0
790,West,Apparel,95,40,6,2086,1042,64,1
791,East,Apparel,310,225,7,1066,1019,59,0
792,West,Electronics,378,82,1,4975,1996,89,0
793,East,Grocery,363,466,1,4243,1235,62,1
794,South,Grocery,368,362,8,2582,1392,48,1
795,South,Apparel,422,497,5,4557,1451,72,0
796,North,Electronics,264,537,6,2909,551,40,0
797,West,Apparel,247,97,7,4742,1193,61,0
798,East,Apparel,197,368,1,3039,1645,44,0
799,North,Electronics,250,160,6,1508,1963,62,1
800,East,Electronics,152,175,1,4218,1132,42,1
801,North,Apparel,237,454,11,4499,1362,54,0
802,North,Grocery,133,517,1,1461,1244,50,1
803,West,Electronics,360,383,7,1208,750,71,1
804,North,Grocery,438,134,11,2842,1149,42,0
805,South,Electronics,366,114,2,1254,1707,72,1
806,North,Electronics,71,478,5,3198,1644,65,1
807,North,Grocery,378,249,11,1652,929,40,0
808,South,Electronics,439,412,5,733,1303,82,0
809,North,Electronics,213,138,11,4386,1501,53,0
810,North,Electronics,167,409,8,4932,1001,67,1
811,West,Electronics,92,50,13,2772,1686,48,0
812,East,Grocery,414,357,5,1559,514,62,1
813,North,Grocery,298,256,7,2182,827,45,0
814,East,Electronics,374,406,5,1546,1007,56,1
815,West,Grocery,443,141,4,2612,1016,40,1
816,West,Electronics,271,183,12,620,799,85,0
817,South,Apparel,227,487,4,3628,966,47,1
818,North,Grocery,457,281,4,3296,1675,56,1
819,West,Electronics,109,45,11,418,1003,93,0
820,East,Electronics,443,519,7,4510,1892,56,0
821,North,Apparel,198,476,3,2741,1018,74,0
822,West,Grocery,121,567,3,3851,682,75,1
823,East,Electronics,81,458,14,1072,1226,63,0
824,West,Electronics,210,400,11,1256,1532,79,0
825,East,Apparel,284,344,7,2975,1237,99,1
826,North,Electronics,185,112,7,1106,1830,94,1
827,West,Grocery,99,74,14,4533,939,92,0
828,North,Apparel,444,431,5,2676,1282,50,1
829,East,Grocery,69,147,3,4274,1374,88,1
830,East,Grocery,371,488,14,2720,1939,82,0
831,East,Electronics,292,120,10,4771,1531,77,1
832,West,Grocery,273,189,13,4885,1693,78,0
833,South,Grocery,305,169,11,4977,1976,61,0
834,East,Apparel,426,159,13,4980,1084,47,0
835,West,Grocery,160,180,12,1329,1208,73,0
836,East,Grocery,249,591,8,3090,1313,93,1
837,West,Grocery,290,110,8,2852,1549,60,1
838,South,Electronics,298,580,6,358,607,83,0
839,West,Electronics,376,161,1,1086,879,44,1
840,East,Grocery,223,410,14,4717,1091,95,0
841,South,Apparel,306,598,8,3870,996,93,0
842,North,Grocery,89,118,4,4669,1909,72,0
843,North,Electronics,205,283,7,2152,1374,40,1
844,East,Electronics,74,197,9,3390,1918,66,1
845,South,Electronics,139,206,12,2670,619,44,0
846,South,Apparel,124,115,7,2314,971,47,0
847,South,Electronics,369,252,8,1045,1568,85,1
848,North,Apparel,139,191,8,4597,1079,78,1
849,South,Apparel,230,446,10,2330,1350,79,0
850,East,Electronics,189,55,3,1834,1816,97,1
851,South,Apparel,305,408,14,2845,895,77,0
852,South,Apparel,412,508,2,2352,1214,87,1
853,West,Electronics,66,352,7,2455,1320,65,1
854,East,Electronics,471,334,1,4149,1126,41,1
855,South,Grocery,366,468,4,1095,1548,73,0
856,East,Apparel,354,118,5,203,797,58,0
857,North,Apparel,323,545,9,4035,1587,79,1
858,East,Electronics,294,537,13,3552,1827,92,0
859,South,Apparel,478,70,2,1628,1131,62,1
860,East,Apparel,58,363,13,4053,744,78,0
861,West,Grocery,357,527,13,1586,1823,94,0
862,South,Grocery,365,78,6,4761,1269,68,1
863,East,Electronics,466,307,3,2810,683,93,1
864,North,Apparel,341,536,13,4140,1402,59,0
865,West,Apparel,342,483,5,4633,1775,88,0
866,East,Apparel,476,62,12,4753,1181,48,0
867,South,Grocery,370,599,3,4985,955,62,0
868,South,Electronics,80,398,14,4138,1868,56,0
869,South,Electronics,54,585,1,1398,1682,55,1
870,North,Apparel,164,134,1,3518,887,49,1
871,North,Grocery,389,219,4,514,937,76,1
872,West,Electronics,375,263,6,280,1966,87,0
873,West,Electronics,245,369,2,4084,554,44,1
874,North,Electronics,209,108,11,3922,1215,66,0
875,South,Electronics,398,54,14,1386,1264,62,0
876,North,Apparel,385,199,9,577,1511,67,1
877,North,Apparel,64,546,5,2915,980,74,1
878,North,Grocery,173,122,10,1348,799,52,1
879,South,Electronics,74,292,7,2768,986,66,1
880,East,Grocery,436,271,4,4488,1121,79,1
881,West,Electronics,346,238,3,4065,1026,47,0
882,South,Electronics,120,502,5,404,1965,97,1
883,East,Electronics,447,460,3,2747,611,49,1
884,South,Electronics,378,236,2,4624,1937,75,1
885,East,Electronics,68,251,2,1160,1506,69,1
886,East,Electronics,430,489,11,3187,1777,61,0
887,West,Apparel,254,321,5,4850,1859,64,1
888,South,Apparel,320,370,13,2300,1952,91,0
889,West,Electronics,63,283,1,4153,1832,67,0
890,West,Grocery,224,590,8,768,1199,45,1
891,North,Grocery,283,496,7,1913,1180,83,1
892,East,Apparel,208,221,10,2262,1519,51,1
893,North,Electronics,276,220,12,2586,1519,59,0
894,West,Electronics,349,327,14,330,1508,61,0
895,West,Grocery,273,524,12,1011,1327,69,0
896,West,Apparel,427,350,2,4328,755,81,1
897,North,Grocery,140,54,7,1252,1392,70,1
898,West,Electronics,466,118,10,1334,643,86,1
899,West,Grocery,191,388,8,4990,1917,42,1
900,West,Electronics,233,547,12,2565,1314,99,0
901,West,Apparel,256,365,14,2408,1990,72,0
902,North,Apparel,102,184,1,4678,1638,72,1
903,North,Apparel,353,442,8,3381,1220,61,1
904,East,Apparel,274,222,8,4872,824,72,1
905,West,Apparel,359,129,11,4466,1655,89,0
906,South,Electronics,466,573,3,509,1885,85,0
907,North,Grocery,342,219,1,1140,1872,42,1
908,North,Electronics,50,455,9,4722,1566,51,1
909,East,Grocery,184,121,2,4912,629,84,1
910,West,Electronics,252,455,3,2401,1558,75,1
911,North,Grocery,413,552,2,3893,1767,85,0
912,East,Apparel,70,471,14,1741,1796,43,0
913,South,Apparel,322,477,10,1592,1815,81,1
914,South,Apparel,153,314,7,4792,1688,69,1
915,South,Apparel,58,525,14,1883,1504,63,0
916,West,Electronics,229,140,11,3111,508,48,0
917,North,Electronics,452,127,5,4735,876,81,1
918,North,Grocery,378,590,7,4287,1881,61,1
919,South,Apparel,166,341,6,3505,803,98,1
920,West,Electronics,84,252,9,694,1874,80,1
921,West,Grocery,69,169,14,4631,1735,57,0
922,West,Grocery,487,269,11,670,1001,46,0
923,East,Apparel,53,469,12,3576,791,79,0
924,South,Electronics,286,36,14,4852,704,85,0
925,West,Apparel,165,525,7,1688,686,45,0
926,North,Grocery,217,469,5,884,1213,62,1
927,South,Grocery,452,477,1,2603,1191,68,0
928,East,Electronics,157,451,11,3982,841,88,0
929,West,Electronics,412,423,5,1016,1163,95,1
930,North,Electronics,445,428,9,4609,1204,69,1
931,North,Grocery,325,125,14,3547,608,45,0
932,East,Apparel,365,571,7,3934,839,91,0
933,West,Apparel,231,33,3,870,1504,67,1
934,North,Apparel,223,215,13,3831,1157,76,0
935,South,Electronics,266,250,12,2592,1312,41,0
936,South,Electronics,414,578,2,1677,915,47,0
937,South,Electronics,398,35,6,2761,1506,86,1
938,West,Electronics,79,285,4,2301,672,67,0
939,South,Electronics,442,256,11,262,1357,99,0
940,North,Apparel,176,575,2,4669,963,52,0
941,South,Apparel,208,89,14,625,1631,65,0
942,South,Apparel,247,443,5,4128,1519,67,1
943,East,Grocery,278,135,2,478,1464,47,1
944,West,Apparel,132,507,1,3312,914,44,1
945,West,Electronics,188,424,1,1799,740,74,0
946,West,Apparel,471,567,10,1765,1472,66,1
947,East,Grocery,89,186,8,1864,1958,99,0
948,West,Apparel,471,488,13,2144,1221,83,0
949,East,Electronics,379,484,14,1498,544,59,0
950,North,Electronics,363,161,4,1261,1605,93,0
951,North,Electronics,425,374,11,2376,1772,84,0
952,North,Electronics,54,571,1,3844,524,45,1
953,East,Electronics,96,463,3,2935,952,41,1
954,West,Electronics,493,568,13,4536,1224,46,0
955,North,Electronics,392,467,3,2133,1971,91,1
956,South,Electronics,179,566,9,3992,1727,60,1
957,West,Apparel,353,594,6,2979,1921,51,1
958,West,Grocery,412,105,13,2593,1850,57,0
959,East,Electronics,418,108,5,4237,1741,56,1
960,North,Grocery,265,111,7,2978,519,45,0
961,South,Electronics,343,387,4,2677,1476,44,1
962,West,Grocery,196,141,6,573,914,85,1
963,North,Grocery,334,168,12,1106,1322,88,0
964,East,Electronics,467,531,11,4509,1825,57,0
965,South,Apparel,335,213,8,4330,1335,71,1
966,South,Apparel,128,506,11,4923,977,61,0
967,North,Grocery,449,575,8,1200,1145,77,1
968,East,Apparel,338,262,5,1560,1742,66,1
969,West,Grocery,251,128,2,1530,1962,42,1
970,South,Apparel,404,426,5,3685,1348,46,0
971,East,Electronics,92,450,13,1628,801,76,0
972,North,Apparel,142,105,11,1797,1028,88,0
973,West,Electronics,181,554,1,4598,1922,87,1
974,West,Electronics,333,409,12,4717,966,65,0
975,West,Electronics,190,273,8,4680,617,84,1
976,North,Apparel,118,405,6,1425,1112,75,0
977,North,Apparel,441,466,9,2161,1640,64,0
978,West,Electronics,382,228,14,897,1058,54,0
979,North,Electronics,111,544,7,3846,738,66,0
980,South,Electronics,386,236,9,3592,966,57,0
981,North,Electronics,96,131,9,3229,934,58,0
982,East,Grocery,81,261,12,4663,642,74,0
983,East,Grocery,132,121,14,248,1771,98,0
984,West,Electronics,392,56,2,3751,1503,70,1
985,South,Apparel,102,324,1,4110,1786,74,0
986,North,Apparel,425,392,7,4689,1028,66,0
987,South,Grocery,208,500,9,2438,1651,58,0
988,West,Apparel,364,584,1,924,1579,99,1
989,North,Electronics,427,217,14,2393,1758,70,0
990,East,Apparel,133,592,7,3073,1208,83,0
991,South,Electronics,196,61,4,2586,1735,78,0
992,North,Grocery,94,446,5,670,1354,81,1
993,South,Apparel,248,213,4,3803,1118,56,0
994,South,Apparel,359,179,6,4825,1369,60,1
995,West,Apparel,217,565,14,407,1558,81,0
996,West,Electronics,146,221,11,1789,1524,95,0
997,West,Electronics,464,38,5,4185,804,98,1
998,West,Electronics,473,186,12,1744,862,94,0
999,North,Electronics,388,82,8,853,1381,91,1
1000,South,Grocery,103,339,5,3827,563,43,1
1001,South,Apparel,369,210,12,4081,1663,50,0
1002,South,Electronics,63,458,8,3855,1901,49,1
1003,East,Electronics,212,351,3,3765,1583,85,0
1004,East,Grocery,363,326,4,4839,1634,40,1
1005,South,Electronics,345,246,8,3033,1394,62,0
1006,West,Electronics,178,229,2,3476,756,67,0
1007,East,Grocery,218,439,8,3228,870,84,1
1008,South,Grocery,176,177,7,3493,607,55,1
1009,South,Apparel,279,329,2,701,557,82,1
1010,South,Apparel,397,43,11,3671,1666,88,0
1011,East,Grocery,272,379,6,3252,1454,91,0
1012,West,Electronics,293,358,7,631,1796,72,0
1013,South,Grocery,243,53,4,1145,1641,66,1
1014,South,Grocery,496,419,4,1100,684,92,1
1015,West,Grocery,148,331,12,1977,1293,78,0
1016,West,Electronics,482,404,12,1647,1067,94,0
1017,East,Electronics,383,91,2,4188,1232,82,1
1018,West,Grocery,343,290,9,4424,931,95,0
1019,East,Electronics,296,46,12,1171,1303,89,0
1020,East,Grocery,382,162,3,2582,1688,51,1
1021,East,Electronics,260,544,5,2114,1189,87,1
1022,North,Grocery,298,565,11,3931,1348,71,0
1023,South,Grocery,69,198,9,4127,655,62,1
1024,East,Grocery,376,407,8,2140,1258,48,1
1025,North,Electronics,348,405,5,798,1125,55,1
1026,North,Grocery,304,480,6,1259,1736,98,1
1027,South,Apparel,310,507,6,4977,1763,45,1
1028,South,Electronics,212,148,2,3423,750,56,0
1029,West,Electronics,136,142,9,4947,1269,43,1
1030,North,Electronics,198,196,13,4343,654,72,0
1031,North,Grocery,107,117,8,908,558,74,1
1032,North,Grocery,268,459,8,1982,1935,95,0
1033,East,Grocery,284,451,5,1830,1175,53,1
1034,East,Electronics,134,105,14,486,740,98,0
1035,North,Apparel,229,390,3,759,759,87,1
1036,East,Apparel,349,359,10,3797,1839,44,1
1037,South,Grocery,462,53,8,2615,655,49,0
1038,West,Grocery,437,326,2,4139,1241,59,0
1039,West,Grocery,276,90,12,2379,1789,62,0
1040,North,Grocery,199,453,13,1545,682,61,0
1041,North,Apparel,97,581,13,3775,1315,79,0
1042,South,Electronics,405,80,3,784,1147,75,0
1043,East,Grocery,187,496,4,1713,532,90,1
1044,East,Apparel,122,141,10,4209,961,58,1
1045,North,Electronics,294,409,2,1171,1255,99,1
1046,South,Electronics,481,180,2,1544,682,64,1
1047,North,Grocery,137,194,5,1939,1849,40,1
1048,West,Apparel,111,286,3,4686,1148,71,1
1049,West,Grocery,394,36,3,2549,623,55,1
1050,West,Grocery,420,235,8,1701,1083,94,1
1051,East,Grocery,59,513,2,2095,1104,76,0
1052,West,Grocery,447,452,9,3040,706,75,0
1053,East,Apparel,248,433,3,3345,946,44,1
1054,North,Electronics,430,279,6,1419,1249,58,0
1055,East,Apparel,291,214,6,3723,1675,80,1
1056,South,Electronics,202,266,9,3487,648,61,1
1057,North,Grocery,125,75,13,2410,553,71,0
1058,South,Electronics,381,421,9,606,1518,70,0
1059,North,Grocery,302,456,5,1374,1035,91,1
1060,South,Grocery,387,123,4,4248,1066,92,0
1061,South,Electronics,234,362,9,4439,1803,44,1
1062,North,Electronics,347,197,7,2119,1090,61,1
1063,East,Electronics,276,40,7,3419,1918,53,1
1064,West,Grocery,136,413,12,1175,1370,49,0
1065,North,Apparel,385,335,7,4016,1518,77,1
1066,East,Grocery,146,398,2,4287,1662,45,0
1067,West,Grocery,359,119,13,3765,1445,90,0
1068,East,Electronics,173,240,3,3075,1700,77,1
1069,East,Electronics,345,200,8,896,1949,82,0
1070,North,Apparel,70,419,14,430,590,51,0
1071,West,Grocery,380,471,7,4401,689,49,1
1072,East,Apparel,275,223,1,2595,1459,79,1
1073,West,Electronics,199,254,3,2727,578,95,1
1074,South,Grocery,218,368,14,4862,1186,73,0
1075,North,Grocery,116,419,13,3900,1713,48,0
1076,West,Apparel,271,599,2,970,1889,77,1
1077,South,Grocery,426,321,5,2105,1975,65,0
1078,North,Electronics,150,521,2,2003,1211,55,1
1079,North,Grocery,82,471,2,383,795,71,1
1080,North,Electronics,325,344,12,2030,620,99,0
1081,West,Grocery,339,347,9,3727,1305,95,0
1082,North,Grocery,486,488,4,579,1428,52,1
1083,East,Electronics,460,474,8,3975,1132,52,1
1084,South,Apparel,374,43,13,209,829,48,0
1085,East,Apparel,148,427,3,4148,1400,74,0
1086,West,Grocery,378,459,11,811,718,91,0
1087,East,Apparel,265,475,6,2480,1222,75,1
1088,West,Electronics,331,156,9,560,1401,65,1
1089,West,Apparel,343,102,1,3278,1974,62,0
1090,South,Apparel,385,404,13,3815,1495,89,0
1091,North,Apparel,425,378,9,3158,1819,74,1
1092,East,Grocery,255,355,14,484,1826,55,0
1093,East,Electronics,98,491,8,4486,1511,82,1
1094,South,Electronics,359,42,7,1708,1086,43,1
1095,North,Electronics,331,370,12,2780,663,75,0
1096,South,Electronics,175,564,3,3908,560,65,1
1097,East,Grocery,50,592,13,2474,927,95,0
1098,East,Apparel,369,547,1,2539,1156,76,1
1099,East,Electronics,122,283,7,3026,1394,83,0
1100,West,Apparel,398,109,5,575,1373,46,1
1101,East,Apparel,412,116,9,1900,1112,91,1
1102,South,Apparel,67,286,12,497,1934,59,0
1103,West,Apparel,439,156,11,974,1495,71,0
1104,North,Grocery,493,47,10,1625,1665,64,1
1105,North,Apparel,448,172,6,2288,922,79,0
1106,South,Electronics,103,408,6,4066,1362,93,1
1107,North,Electronics,216,254,5,1054,1718,95,1
1108,North,Electronics,496,533,14,449,1748,93,0
1109,East,Apparel,342,174,6,2553,1397,96,0
1110,North,Apparel,321,285,14,4741,708,53,0
1111,South,Apparel,121,142,11,1444,1781,76,0
1112,North,Electronics,368,315,5,1308,1627,94,1
1113,West,Electronics,104,38,1,4086,607,95,1
1114,South,Electronics,479,546,7,200,776,70,1
1115,South,Apparel,457,504,10,349,1101,88,1
1116,East,Apparel,425,489,5,4709,1231,45,0
1117,North,Apparel,418,153,5,3836,1273,57,1
1118,West,Apparel,408,37,11,900,1015,45,0
1119,East,Grocery,433,387,11,4057,732,72,0
1120,West,Grocery,207,283,3,695,554,75,1
1121,South,Apparel,428,98,13,4424,1428,72,0
1122,West,Electronics,413,320,1,3771,909,86,1
1123,West,Grocery,440,423,7,4132,862,64,1
1124,West,Grocery,215,56,12,4712,842,78,0
1125,South,Apparel,325,443,13,1770,1101,76,0
1126,South,Apparel,129,348,2,707,1964,95,1
1127,East,Electronics,429,309,11,2934,1762,89,0
1128,North,Grocery,469,363,2,1992,1193,66,1
1129,East,Apparel,318,35,8,1835,845,97,1
1130,North,Grocery,69,242,2,1290,944,94,0
1131,North,Apparel,365,463,6,2891,976,80,0
1132,East,Grocery,381,53,13,801,1407,78,0
1133,South,Electronics,260,394,10,586,1190,52,1
1134,West,Apparel,494,154,12,3628,970,74,0
1135,North,Apparel,262,454,6,4483,668,93,0
1136,East,Apparel,92,500,6,3867,1011,69,1
1137,North,Electronics,120,593,11,1808,1143,43,0
1138,South,Apparel,114,409,5,3457,1091,81,0
1139,North,Apparel,400,458,14,2603,1089,59,0
1140,East,Apparel,271,66,1,4543,1553,63,1
1141,West,Electronics,217,483,10,994,603,40,1
1142,East,Apparel,355,316,1,4332,744,78,1
1143,North,Apparel,149,161,14,3084,780,50,0
1144,North,Electronics,476,117,11,4761,1168,96,0
1145,East,Grocery,486,491,2,1660,1700,74,0
1146,West,Electronics,113,342,10,2001,1178,54,0
1147,West,Grocery,332,493,2,1390,846,41,1
1148,West,Grocery,250,190,1,2285,1408,71,1
1149,South,Apparel,346,463,6,4077,728,71,1
1150,West,Apparel,58,378,2,2042,1051,67,1
1151,South,Electronics,475,288,7,3474,1404,79,0
1152,South,Electronics,216,76,14,1381,1734,71,0
1153,East,Apparel,316,445,5,2551,1349,63,1
1154,South,Apparel,122,509,9,1996,1229,91,1
1155,North,Electronics,459,419,12,1862,1687,72,0
1156,East,Grocery,101,540,12,4806,863,72,0
1157,North,Grocery,328,543,4,4716,1221,64,1
1158,South,Apparel,124,270,12,298,826,46,0
1159,West,Electronics,422,517,6,2190,773,43,1
1160,West,Apparel,205,299,14,2077,1889,50,0
1161,East,Grocery,112,46,8,2877,769,71,0
1162,South,Apparel,202,293,13,1886,1452,68,0
1163,West,Apparel,168,259,11,2755,621,43,0
1164,South,Grocery,344,38,12,4934,552,75,0
1165,South,Electronics,51,537,5,3379,1824,52,1
1166,West,Apparel,412,128,11,2530,1528,72,0
1167,East,Apparel,188,183,2,2950,1255,59,1
1168,North,Apparel,404,520,2,2068,1791,50,0
1169,East,Electronics,326,122,8,4142,1847,44,1
1170,South,Apparel,499,185,14,4767,916,87,0
1171,East,Apparel,384,242,12,3688,540,85,0
1172,North,Grocery,89,316,4,1664,638,46,1
1173,West,Apparel,390,329,6,3017,1793,51,0
1174,West,Apparel,379,195,9,3643,1076,66,1
1175,North,Grocery,129,55,7,3807,1334,80,0
1176,West,Grocery,427,150,14,1841,1250,70,0
1177,North,Electronics,418,450,11,3906,649,63,0
1178,West,Grocery,451,77,4,1717,975,62,1
1179,East,Electronics,187,308,2,2709,1654,72,1
1180,West,Grocery,176,456,6,355,1702,55,1
1181,West,Electronics,333,30,6,3724,1330,45,1
1182,East,Apparel,136,471,10,1628,1657,60,1
1183,North,Grocery,402,31,2,2745,982,55,1
1184,North,Grocery,431,55,8,4229,1019,71,1
1185,North,Apparel,275,231,1,3848,1051,92,0
1186,West,Electronics,83,483,9,720,1741,85,1
1187,North,Grocery,174,483,12,1886,1206,95,0
1188,East,Grocery,489,373,6,2575,1461,46,1
1189,East,Grocery,489,382,11,1344,686,82,0
1190,East,Grocery,79,200,1,1908,1451,62,1
1191,East,Apparel,448,481,4,2516,914,86,1
1192,North,Apparel,133,88,2,4733,876,43,1
1193,South,Apparel,134,281,14,4666,513,46,0
1194,South,Grocery,499,476,2,3879,1619,44,1
1195,South,Apparel,142,180,5,3722,630,52,1
1196,East,Grocery,221,152,13,620,1336,62,0
1197,North,Apparel,222,92,12,2581,1238,48,0
1198,North,Apparel,485,162,1,4574,1954,94,0
1199,South,Grocery,149,92,9,4002,1458,91,1
1200,East,Electronics,300,198,6,3141,1527,85,1
1201,West,Apparel,66,538,9,3693,1774,50,1
1202,North,Grocery,310,511,11,4227,1386,74,0
1203,South,Grocery,201,114,5,3516,1251,44,0
1204,West,Electronics,250,265,13,4574,1604,40,0
1205,East,Electronics,440,591,14,2364,1379,92,0
1206,East,Apparel,189,409,6,758,685,66,0
1207,West,Apparel,146,505,6,3125,1730,99,0
1208,West,Apparel,205,549,11,3605,1419,63,0
1209,East,Grocery,122,310,10,2085,1499,95,0
1210,North,Electronics,334,285,11,2832,1814,46,0
1211,South,Grocery,80,547,5,3949,1552,88,1
1212,West,Electronics,259,357,12,1258,1515,94,0
1213,South,Electronics,203,243,8,1588,854,73,1
1214,West,Apparel,197,341,8,513,1183,73,1
1215,East,Grocery,310,509,8,1901,553,76,1
1216,West,Grocery,393,348,12,4771,1464,41,0
1217,North,Grocery,388,103,10,1542,800,68,1
1218,North,Electronics,426,444,4,1539,618,96,0
1219,South,Electronics,127,597,12,2765,1067,92,0
1220,South,Grocery,493,302,5,219,1046,56,1
1221,East,Electronics,231,49,7,2693,507,60,1
1222,South,Electronics,173,216,3,3130,1807,47,1
1223,South,Apparel,75,313,13,894,1100,95,0
1224,South,Grocery,91,135,11,4672,923,66,0
1225,North,Apparel,399,260,6,3645,1803,47,1
1226,North,Electronics,413,261,12,2167,1469,40,0
1227,South,Grocery,67,127,6,1309,1203,43,1
1228,South,Apparel,313,209,10,4917,569,40,0
1229,North,Electronics,253,172,3,1228,1218,56,1
1230,North,Apparel,167,110,4,2290,1016,50,1
1231,West,Apparel,265,250,1,1011,1688,60,1
1232,East,Electronics,144,461,9,1707,1571,68,1
1233,East,Grocery,465,498,3,3754,1434,73,1
1234,East,Grocery,412,492,6,1318,1335,94,1
1235,South,Electronics,425,458,11,2005,1154,93,0
1236,West,Grocery,184,309,10,1844,1894,61,0
1237,East,Apparel,86,442,9,908,1292,61,0
1238,West,Electronics,154,64,8,1187,524,43,1
1239,South,Apparel,166,139,14,731,1183,49,0
1240,South,Grocery,218,267,7,2241,1795,50,1
1241,East,Apparel,325,486,11,763,1657,85,0
1242,North,Electronics,145,587,13,4721,1856,77,0
1243,North,Apparel,217,526,10,1583,703,81,1
1244,East,Electronics,196,420,4,2221,1100,88,0
1245,West,Apparel,391,259,10,4140,1498,41,0
1246,West,Electronics,388,320,10,3968,892,73,1
1247,East,Grocery,71,344,12,1140,887,75,0
1248,West,Electronics,383,155,2,4848,1128,96,0
1249,North,Apparel,416,289,10,1706,1528,59,0
1250,South,Grocery,465,235,10,614,1130,78,0
1251,West,Electronics,330,492,5,3642,854,59,0
1252,West,Apparel,275,312,9,4466,1837,98,1
1253,South,Electronics,68,158,5,2508,914,90,1
1254,East,Electronics,256,216,8,4886,936,85,0
1255,East,Apparel,380,355,1,3100,1312,99,0
1256,West,Apparel,427,455,10,3037,1899,66,1
1257,West,Apparel,395,568,4,2906,1598,68,1
1258,East,Electronics,281,598,3,818,1698,57,1
1259,East,Grocery,265,199,2,4015,1747,85,1
1260,East,Apparel,375,35,3,4485,1385,94,1
1261,South,Apparel,273,320,8,467,1305,59,0
1262,East,Apparel,51,415,5,4201,645,74,1
1263,East,Grocery,457,331,9,3037,1358,54,0
1264,East,Apparel,191,381,13,4958,1505,57,0
1265,South,Apparel,307,230,8,4303,1982,56,0
1266,East,Grocery,288,497,1,2153,1659,52,1
1267,South,Electronics,477,61,14,594,776,57,0
1268,East,Grocery,53,268,8,2738,621,63,1
1269,East,Grocery,145,30,2,3676,1951,65,1
1270,West,Grocery,264,252,13,3478,1444,96,0
1271,West,Apparel,222,234,4,686,1171,98,0
1272,South,Grocery,260,405,10,2459,1664,46,1
1273,East,Electronics,492,125,9,3413,1696,69,1
1274,East,Electronics,247,587,11,3953,538,43,0
1275,South,Apparel,471,42,7,3036,1631,40,0
1276,North,Electronics,166,406,9,2155,1735,58,1
1277,North,Grocery,317,519,4,878,1623,62,1
1278,North,Electronics,117,320,14,1654,1834,85,0
1279,North,Grocery,190,478,9,1046,523,49,0
1280,North,Electronics,140,389,5,1497,928,75,0
1281,South,Apparel,313,55,11,4336,1994,55,0
1282,West,Grocery,292,531,9,548,972,66,1
1283,South,Electronics,441,112,9,2092,1738,67,1
1284,East,Apparel,60,233,7,2978,1837,67,1
1285,North,Electronics,197,538,1,4179,1187,86,0
1286,East,Electronics,260,245,11,3529,1980,43,0
1287,South,Grocery,373,411,9,2258,1123,42,0
1288,West,Grocery,295,230,11,523,1759,63,0
1289,West,Apparel,344,477,2,2111,658,77,0
1290,East,Apparel,192,489,4,1669,1179,61,1
1291,South,Grocery,281,157,14,3828,963,95,0
1292,East,Electronics,247,38,4,4211,1967,87,1
1293,West,Electronics,349,238,10,2807,1840,82,0
1294,East,Apparel,180,432,1,2522,1432,92,1
1295,North,Apparel,123,283,13,457,1176,71,0
1296,West,Grocery,57,234,4,2716,997,74,1
1297,North,Grocery,129,65,14,3907,932,82,0
1298,South,Electronics,374,327,8,1676,1768,87,1
1299,South,Grocery,338,311,10,841,1770,40,0
1300,West,Grocery,179,122,7,2940,1198,83,1
1301,North,Electronics,205,294,7,4176,1013,55,1
1302,East,Electronics,93,512,8,3935,771,71,1
1303,West,Apparel,122,194,5,3470,637,51,1
1304,North,Grocery,99,522,12,1904,706,44,0
1305,South,Electronics,459,123,1,1295,1668,85,1
1306,North,Grocery,111,114,2,4018,529,84,1
1307,West,Grocery,328,531,4,1848,756,47,1
1308,West,Electronics,125,88,4,2744,1932,68,1
1309,North,Grocery,158,84,7,1911,1495,72,1
1310,North,Grocery,447,77,1,2551,1940,90,1
1311,East,Apparel,212,204,11,2745,1776,61,0
1312,North,Electronics,261,374,7,3071,1883,75,0
1313,South,Apparel,436,525,10,4673,632,86,1
1314,West,Electronics,52,182,6,945,607,82,0
1315,East,Grocery,313,500,7,1717,677,54,1
1316,North,Electronics,234,109,14,1590,1941,49,0
1317,North,Grocery,314,427,10,4096,1535,48,0
1318,West,Apparel,62,473,10,1405,544,97,1
1319,West,Apparel,472,439,10,4137,808,58,1
1320,North,Apparel,244,312,12,1084,1939,81,0
1321,East,Electronics,218,178,7,4728,1486,65,1
1322,South,Grocery,256,65,1,582,1615,88,1
1323,South,Apparel,171,245,11,1166,1315,58,0
1324,South,Apparel,77,140,6,4604,1924,89,1
1325,North,Electronics,460,289,3,380,886,91,1
1326,South,Electronics,162,385,10,4098,634,86,1
1327,East,Electronics,412,354,12,713,1234,97,0
1328,North,Grocery,355,248,10,215,730,94,1
1329,South,Apparel,68,52,8,894,575,43,0
1330,North,Grocery,336,503,2,4403,1092,76,1
1331,West,Apparel,166,197,1,3891,1086,86,0
1332,North,Apparel,321,290,7,2196,1881,75,1
1333,East,Apparel,226,43,12,692,1308,67,0
1334,South,Electronics,124,170,8,4941,1901,64,1
1335,South,Grocery,140,519,2,4979,1425,79,1
1336,West,Grocery,208,314,5,237,1404,84,1
1337,North,Electronics,219,417,9,785,629,40,0
1338,South,Electronics,165,274,6,1402,1016,74,1
1339,North,Apparel,266,135,1,3559,1177,74,0
1340,East,Electronics,53,382,9,4980,1081,53,1
1341,South,Apparel,422,102,12,4821,1583,81,0
1342,West,Grocery,207,151,5,4086,1955,71,1
1343,West,Apparel,303,133,11,236,1670,96,0
1344,East,Grocery,191,97,11,3087,1940,45,0
1345,West,Electronics,429,229,3,2934,930,46,0
1346,South,Apparel,204,552,14,402,1887,50,0
1347,East,Electronics,417,54,11,4442,1792,81,0
1348,East,Grocery,449,564,5,3651,1761,84,1
1349,South,Electronics,104,200,5,3317,785,46,1
1350,West,Apparel,417,290,14,1327,1670,59,0
1351,East,Electronics,349,403,10,3993,851,89,1
1352,West,Grocery,155,352,13,4166,1788,69,0
1353,South,Apparel,181,196,14,4494,544,55,0
1354,South,Grocery,220,263,3,2276,1061,90,1
1355,South,Apparel,239,511,14,3122,1823,55,0
1356,West,Electronics,448,216,1,4833,1167,56,1
1357,East,Apparel,455,371,10,369,1225,69,1
1358,North,Apparel,124,243,5,935,1427,56,1
1359,South,Electronics,417,299,14,1272,578,95,0
1360,North,Apparel,441,548,9,2986,1392,74,1
1361,North,Apparel,199,199,12,836,926,81,0
1362,West,Electronics,72,458,9,925,610,87,1
1363,West,Grocery,472,359,6,3927,589,86,1
1364,North,Grocery,471,161,14,2933,1300,46,0
1365,West,Electronics,132,435,7,648,1952,85,0
1366,East,Grocery,120,149,8,4810,928,91,1
1367,North,Grocery,82,438,1,2891,765,60,1
1368,West,Grocery,441,462,14,2636,1956,79,0
1369,North,Electronics,123,315,3,964,1035,47,0
1370,North,Electronics,449,319,4,4685,1768,59,1
1371,East,Apparel,379,447,5,2265,1957,60,0
1372,West,Electronics,239,86,5,4142,1781,73,1
1373,South,Grocery,396,515,2,3619,628,46,1
1374,South,Grocery,434,576,7,1860,1997,95,0
1375,North,Apparel,325,458,8,4766,1068,95,1
1376,East,Grocery,374,107,14,477,791,61,0
1377,South,Grocery,172,548,7,334,1188,56,1
1378,South,Grocery,373,543,1,873,1101,44,0
1379,West,Apparel,167,196,2,1100,1539,41,1
1380,East,Electronics,388,474,3,3069,1926,90,1
1381,West,Grocery,290,119,9,1439,1552,68,1
1382,East,Grocery,134,149,5,592,862,60,1
1383,South,Apparel,345,116,14,4978,565,81,0
1384,North,Grocery,89,79,7,2766,514,65,1
1385,South,Apparel,154,176,14,3706,1513,41,0
1386,East,Electronics,130,299,13,3552,1505,93,0
1387,West,Apparel,84,421,6,856,1061,91,1
1388,West,Electronics,180,450,4,4313,1903,84,0
1389,North,Electronics,272,476,7,3589,1667,91,0
1390,West,Grocery,173,370,4,3957,928,69,1
1391,South,Grocery,168,61,9,2907,1030,93,1
1392,East,Grocery,192,431,7,2869,1416,53,1
1393,West,Grocery,277,327,1,1681,1036,77,0
1394,East,Grocery,188,279,4,1312,610,40,0
1395,West,Electronics,284,514,11,1760,1250,71,0
1396,West,Apparel,354,302,11,2507,720,40,0
1397,East,Apparel,494,500,6,1230,1373,56,1
1398,South,Apparel,88,517,3,495,1901,44,1
1399,East,Grocery,121,197,7,4246,690,50,1
1400,North,Electronics,401,504,14,335,1350,93,0
1401,East,Electronics,175,298,6,1411,1624,42,1
1402,West,Apparel,259,336,14,4267,657,45,0
1403,East,Apparel,172,74,1,2586,1488,87,1
1404,North,Electronics,352,155,1,2174,1016,52,1
1405,South,Grocery,429,489,6,1724,1587,85,0
1406,West,Electronics,73,151,13,2192,1680,67,0
1407,North,Grocery,219,557,8,2276,951,48,0
1408,North,Electronics,421,344,10,1261,1551,92,1
1409,West,Apparel,59,582,13,2680,1822,86,0
1410,North,Electronics,199,327,12,1465,1917,63,0
1411,South,Apparel,348,586,7,1671,1924,81,0
1412,South,Electronics,422,199,10,3528,1317,80,0
1413,East,Grocery,160,113,8,4727,1392,93,1
1414,South,Electronics,256,228,9,3722,1128,61,1
1415,South,Electronics,385,563,2,1226,936,63,1
1416,North,Electronics,223,46,5,2429,1133,82,1
1417,East,Electronics,455,378,8,4183,1567,89,0
1418,South,Apparel,173,276,3,1883,1172,57,1
1419,North,Grocery,219,429,9,210,1804,82,1
1420,South,Grocery,405,282,8,3389,1933,55,0
1421,South,Grocery,264,163,9,842,704,45,1
1422,West,Grocery,460,423,10,3455,753,80,0
1423,North,Electronics,104,583,4,968,984,48,1
1424,North,Electronics,235,578,14,1850,749,49,0
1425,North,Apparel,436,383,12,4056,1085,77,0
1426,East,Grocery,258,506,13,3617,523,58,0
1427,East,Grocery,203,205,13,4061,1224,69,0
1428,East,Electronics,64,519,6,1708,1312,49,1
1429,West,Grocery,475,32,11,1820,1808,93,0
1430,North,Grocery,51,344,7,1050,1491,82,1
1431,West,Grocery,83,83,13,3129,1208,67,0
1432,East,Grocery,402,137,14,1416,810,99,0
1433,East,Apparel,112,446,4,1241,1831,84,1
1434,South,Electronics,473,217,3,4535,1800,60,0
1435,South,Grocery,272,442,1,2537,600,79,1
1436,North,Grocery,406,308,7,795,1617,83,0
1437,East,Electronics,407,263,4,3593,1075,69,1
1438,North,Electronics,197,55,10,824,907,89,1
1439,East,Grocery,293,448,14,2313,1699,60,0
1440,North,Grocery,459,338,2,3067,1092,75,1
1441,East,Apparel,257,398,8,2286,793,76,1
1442,East,Grocery,449,126,5,4201,1418,85,0
1443,East,Electronics,447,415,13,2890,1165,76,0
1444,North,Apparel,485,310,9,4804,1237,59,1
1445,North,Electronics,436,316,9,2270,1786,67,1
1446,West,Grocery,155,574,5,3256,1798,84,1
1447,East,Apparel,264,526,12,1011,1805,48,0
1448,West,Electronics,442,189,10,315,1066,74,0
1449,North,Apparel,166,122,13,4700,1363,52,0
1450,East,Apparel,121,80,14,4246,724,49,0
1451,West,Grocery,256,55,9,1651,1640,45,0
1452,West,Electronics,317,262,11,718,599,59,0
1453,West,Apparel,140,495,2,407,540,83,0
1454,East,Electronics,325,35,10,289,602,54,0
1455,North,Grocery,333,222,10,3291,1285,52,1
1456,West,Electronics,391,232,5,4376,1516,75,1
1457,North,Grocery,444,553,12,3808,1351,86,0
1458,South,Grocery,54,177,11,1575,988,82,0
1459,East,Apparel,136,284,6,3622,831,42,0
1460,East,Grocery,262,433,14,2104,692,69,0
1461,North,Grocery,206,429,4,3206,1645,40,1
1462,South,Electronics,168,516,5,3292,1439,72,0
1463,North,Grocery,94,458,14,4230,1246,59,0
1464,East,Electronics,129,288,14,1828,1140,71,0
1465,West,Apparel,100,176,11,785,824,63,0
1466,West,Grocery,401,202,10,3040,879,77,1
1467,South,Grocery,233,588,11,930,937,68,0
1468,East,Grocery,296,451,4,427,1855,71,0
1469,North,Electronics,457,505,7,2102,1813,89,1
1470,North,Grocery,293,382,7,1261,1973,54,1
1471,West,Grocery,377,595,1,1075,806,77,1
1472,East,Grocery,135,335,11,3778,703,73,0
1473,West,Electronics,345,183,4,3028,1922,98,1
1474,West,Electronics,65,236,10,3458,1365,42,0
1475,North,Apparel,263,40,6,3962,1561,93,1
1476,West,Grocery,499,30,13,1322,1681,97,0
1477,South,Apparel,365,287,12,1292,1046,54,0
1478,North,Apparel,276,85,2,1616,1054,95,1
1479,South,Electronics,312,154,8,4314,1719,91,0
1480,North,Apparel,465,69,11,2466,784,62,0
1481,East,Apparel,489,168,2,4973,958,56,1
1482,North,Electronics,257,202,11,2864,1579,67,0
1483,West,Grocery,121,37,5,927,854,88,1
1484,South,Grocery,85,202,13,3911,1341,99,0
1485,South,Grocery,269,232,10,3993,1957,55,1
1486,East,Grocery,480,307,5,533,909,51,1
1487,East,Grocery,99,462,14,455,530,53,0
1488,East,Apparel,337,294,14,1312,750,92,0
1489,North,Grocery,228,404,12,1186,519,45,0
1490,West,Electronics,361,269,6,3623,1523,86,1
1491,South,Apparel,389,166,6,864,1516,49,1
1492,South,Apparel,171,368,4,338,1367,85,1
1493,West,Grocery,368,162,8,2451,1901,89,0
1494,North,Apparel,180,288,11,487,583,43,0
1495,East,Apparel,248,430,2,862,1254,50,0
1496,West,Grocery,160,225,2,2530,1065,72,1
1497,West,Electronics,284,164,1,2159,1277,86,0
1498,East,Apparel,67,161,7,3100,1101,74,1
1499,South,Apparel,491,140,12,2566,962,70,0
1500,East,Electronics,249,478,9,575,1750,58,0
1501,East,Apparel,326,256,8,4871,1102,43,1
1502,South,Electronics,264,180,8,3407,1918,78,1
1503,East,Electronics,202,203,14,3178,1574,79,0
1504,East,Grocery,307,207,3,780,612,75,0
1505,South,Electronics,178,395,5,378,695,62,1
1506,South,Grocery,306,345,12,1003,1834,83,0
1507,West,Grocery,238,217,4,645,1454,57,0
1508,East,Grocery,243,154,6,3000,1098,84,1
1509,West,Apparel,141,118,13,3033,1994,63,0
1510,West,Grocery,274,250,1,2413,1672,95,1
1511,East,Grocery,170,206,6,3851,505,48,1
1512,East,Electronics,245,169,3,1496,1327,47,1
1513,West,Electronics,321,467,6,3568,1136,97,1
1514,West,Electronics,50,254,2,4084,1062,44,1
1515,East,Grocery,124,246,10,4366,1976,98,1
1516,East,Grocery,271,371,6,4731,1401,63,1
1517,West,Electronics,216,393,3,1897,1709,84,1
1518,North,Electronics,340,218,4,251,1071,74,1
1519,West,Electronics,286,155,11,4014,812,60,0
1520,North,Apparel,312,489,5,1571,1818,85,1
1521,North,Apparel,233,435,6,4697,1745,64,1
1522,East,Grocery,368,580,5,400,1088,52,0
1523,North,Electronics,377,331,5,1439,1409,52,0
1524,East,Electronics,113,46,4,3552,591,82,1
1525,West,Electronics,490,417,8,292,798,44,1
1526,West,Apparel,241,529,4,3949,938,67,1
1527,West,Electronics,212,583,10,3464,1681,80,0
1528,South,Grocery,302,452,10,4111,764,70,0
1529,West,Grocery,183,61,13,393,1950,81,0
1530,North,Electronics,496,168,7,3649,1445,80,1
1531,South,Electronics,264,538,7,4686,1029,78,1
1532,North,Electronics,91,230,11,4533,1884,45,0
1533,North,Grocery,493,594,5,1297,1409,91,1
1534,East,Electronics,167,293,12,4315,1207,69,0
1535,West,Apparel,67,276,10,2057,1295,82,1
1536,West,Grocery,370,271,8,2559,702,98,0
1537,South,Electronics,296,273,12,2328,1418,40,0
1538,West,Grocery,118,557,7,3966,1640,78,1
1539,East,Grocery,416,471,6,2958,1611,62,1
1540,North,Grocery,288,519,3,4858,1900,47,1
1541,South,Electronics,370,561,6,4165,1417,86,0
1542,South,Apparel,184,342,8,3059,1463,65,0
1543,North,Electronics,439,524,2,562,1953,75,0
1544,West,Electronics,308,138,13,4939,1341,63,0
1545,South,Apparel,236,72,6,1351,1181,68,1
1546,East,Grocery,255,163,2,4067,1880,44,1
1547,North,Grocery,81,361,14,2885,1324,46,0
1548,East,Electronics,185,56,4,3705,766,75,0
1549,West,Electronics,150,339,14,1821,1076,92,0
1550,South,Grocery,240,432,10,4550,895,86,1
1551,South,Grocery,231,108,11,1689,1765,63,0
1552,South,Electronics,82,196,2,2529,1187,76,0
1553,West,Grocery,87,89,13,3866,1148,65,0
1554,East,Grocery,415,484,1,2347,531,97,0
1555,East,Electronics,205,523,12,4064,1481,97,0
1556,West,Electronics,273,591,3,3183,718,51,1
1557,North,Apparel,246,270,11,2555,1829,56,0
1558,West,Apparel,305,391,13,927,1210,46,0
1559,West,Grocery,230,304,4,1122,840,99,1
1560,South,Apparel,447,224,9,2441,1439,69,0
1561,South,Grocery,340,528,7,3656,1626,81,1
1562,South,Electronics,441,598,4,4212,1056,56,1
1563,East,Apparel,136,94,5,1818,613,89,1
1564,South,Electronics,268,418,10,456,1890,87,1
1565,South,Grocery,411,567,6,3611,1194,53,1
1566,North,Electronics,473,126,14,976,1401,73,0
1567,North,Electronics,72,377,9,3599,904,81,1
1568,East,Electronics,195,323,5,3939,1837,93,1
1569,North,Apparel,365,492,7,4050,1063,69,1
1570,East,Grocery,80,152,10,3884,1723,44,1
1571,West,Grocery,69,47,3,3762,1487,96,0
1572,North,Electronics,52,48,10,4669,796,90,0
1573,North,Electronics,395,52,14,1933,1195,51,0
1574,North,Electronics,486,54,6,1403,651,65,1
1575,North,Electronics,71,474,8,4291,886,53,0
1576,South,Electronics,258,424,14,2312,503,51,0
1577,West,Grocery,302,150,14,4281,1384,70,0
1578,South,Apparel,370,447,13,605,1104,99,0
1579,South,Grocery,385,326,11,1072,1452,81,0
1580,West,Apparel,233,34,8,2298,1130,42,0
1581,South,Apparel,73,115,3,1705,1303,83,1
1582,North,Apparel,339,393,13,526,1612,60,0
1583,South,Apparel,322,446,8,3102,724,44,1
1584,South,Apparel,447,96,1,2016,1772,65,1
1585,West,Electronics,486,176,1,1341,1932,56,0
1586,North,Grocery,90,334,12,3679,1592,60,0
1587,East,Apparel,171,585,13,482,1633,89,0
1588,North,Grocery,228,566,6,3993,1584,88,1
1589,West,Apparel,134,593,6,524,1880,76,1
1590,West,Grocery,193,176,2,1920,789,59,1
1591,North,Grocery,137,257,3,4030,841,81,1
1592,East,Grocery,62,514,3,1507,1606,44,1
1593,South,Electronics,278,79,4,4659,630,60,1
1594,South,Grocery,388,579,4,4935,796,56,0
1595,North,Apparel,327,303,2,4404,1161,93,1
1596,South,Electronics,420,475,10,1437,1510,61,1
1597,North,Electronics,366,89,2,1534,669,41,1
1598,North,Apparel,55,261,8,3972,1207,56,1
1599,West,Grocery,82,539,11,2170,1142,61,0
1600,South,Grocery,236,554,12,2322,912,40,0
1601,South,Electronics,50,450,13,1659,582,91,0
1602,West,Electronics,291,565,4,1699,1349,99,1
1603,South,Apparel,310,440,8,3312,1699,60,1
1604,North,Apparel,441,449,6,3885,1645,99,1
1605,South,Grocery,350,568,1,3176,551,54,1
1606,South,Electronics,71,447,13,3560,573,96,0
1607,North,Grocery,120,486,3,738,657,47,1
1608,South,Electronics,96,156,10,4639,1007,88,1
1609,East,Apparel,124,167,6,3173,1527,74,0
1610,West,Grocery,85,225,10,3509,814,82,1
1611,West,Grocery,349,572,11,1177,1599,76,0
1612,West,Apparel,91,272,3,1388,1242,48,0
1613,East,Electronics,90,299,13,4333,526,44,0
1614,East,Apparel,394,411,14,3397,718,67,0
1615,South,Grocery,400,532,5,2152,599,64,1
1616,South,Grocery,137,141,11,2320,1681,91,0
1617,South,Electronics,370,504,9,3649,1086,97,0
1618,West,Grocery,143,355,10,4499,786,45,1
1619,East,Electronics,446,374,11,2440,1894,96,0
1620,South,Apparel,488,438,7,2726,845,43,1
1621,North,Electronics,192,316,12,1082,1730,96,0
1622,East,Apparel,73,579,8,3031,1188,69,1
1623,East,Electronics,292,466,4,1567,529,43,1
1624,South,Apparel,380,67,4,3808,1026,40,1
1625,West,Grocery,202,67,10,2864,731,89,1
1626,North,Apparel,294,196,1,2711,966,74,1
1627,North,Grocery,207,545,2,4959,1545,58,1
1628,East,Grocery,173,280,12,3531,1822,70,0
1629,South,Grocery,477,345,10,3525,1974,96,0
1630,North,Electronics,403,212,5,3713,1991,98,1
1631,North,Grocery,341,369,9,1214,1389,60,0
1632,North,Apparel,105,549,3,2921,1088,58,0
1633,South,Electronics,210,118,7,2527,738,84,1
1634,East,Apparel,110,349,13,1177,970,53,0
1635,South,Grocery,175,156,11,4164,1588,78,0
1636,East,Electronics,114,220,13,2898,1278,41,0
1637,South,Grocery,182,588,4,2733,1534,85,1
1638,East,Grocery,253,449,3,2811,919,46,0
1639,South,Electronics,109,431,11,1825,1104,65,0
1640,West,Electronics,103,535,9,4967,1683,92,0
1641,West,Apparel,89,96,11,3270,1624,97,0
1642,North,Apparel,462,269,5,2106,681,48,1
1643,West,Apparel,86,288,9,3216,581,60,1
1644,East,Apparel,365,122,9,3076,1514,40,1
1645,North,Apparel,305,74,3,2865,1219,57,1
1646,South,Apparel,396,594,1,590,1456,50,1
1647,North,Apparel,185,330,13,2520,1022,95,0
1648,West,Grocery,268,430,5,4170,574,62,0
1649,North,Grocery,244,380,13,1699,791,51,0
1650,South,Grocery,245,523,2,2934,1117,95,1
1651,East,Electronics,492,178,9,4001,1651,53,0
1652,South,Apparel,203,385,6,2753,1462,65,1
1653,West,Electronics,312,585,12,4507,1036,85,0
1654,West,Electronics,69,446,7,746,702,43,1
1655,South,Grocery,139,267,6,4515,953,74,0
1656,South,Grocery,165,411,8,4308,1359,72,0
1657,South,Electronics,352,417,8,3873,796,84,1
1658,South,Apparel,151,31,14,3828,1945,99,0
1659,South,Grocery,348,511,2,3834,1108,47,1
1660,East,Electronics,176,364,14,602,1292,44,0
1661,South,Grocery,310,545,12,2682,1567,82,0
1662,East,Grocery,104,288,7,2750,1492,83,1
1663,North,Apparel,155,501,2,1749,847,64,1
1664,North,Apparel,419,528,14,332,539,83,0
1665,North,Grocery,433,250,1,4517,1579,89,1
1666,North,Electronics,150,504,1,1221,694,90,1
1667,South,Apparel,367,40,1,1160,1810,46,1
1668,East,Electronics,151,452,12,1237,1205,63,0
1669,North,Electronics,53,528,3,3043,1596,73,0
1670,North,Grocery,144,234,7,1739,1248,74,1
1671,North,Grocery,230,74,10,1948,1360,74,1
1672,North,Apparel,427,302,2,2755,1242,94,1
1673,South,Electronics,83,331,4,3370,1831,59,0
1674,South,Electronics,186,56,6,2612,1878,78,1
1675,South,Electronics,431,52,11,1182,1032,45,0
1676,West,Apparel,331,498,5,1932,643,97,1
1677,North,Apparel,150,105,14,1538,1489,62,0
1678,South,Electronics,442,341,4,1457,675,55,0
1679,North,Electronics,476,366,10,2561,1837,49,1
1680,West,Grocery,368,72,5,4910,1661,46,1
1681,South,Electronics,394,221,7,4533,1013,42,1
1682,East,Grocery,130,421,3,2179,1371,61,0
1683,East,Electronics,379,357,12,4966,954,81,0
1684,South,Electronics,248,467,9,573,679,95,1
1685,South,Apparel,411,297,12,2814,1795,43,0
1686,North,Grocery,91,481,2,3781,836,85,1
1687,West,Electronics,72,260,2,2635,1414,46,1
1688,South,Electronics,96,37,11,1655,1020,56,0
1689,East,Electronics,176,191,1,4609,623,66,1
1690,South,Electronics,269,594,11,2312,1238,74,0
1691,North,Apparel,404,293,14,3873,1527,41,0
1692,South,Grocery,407,531,10,4765,506,84,1
1693,North,Grocery,327,249,1,1270,1595,86,1
1694,West,Apparel,457,480,11,2309,1440,83,0
1695,North,Electronics,493,574,11,4216,1554,61,0
1696,North,Grocery,496,382,12,4175,979,93,0
1697,North,Grocery,58,196,8,429,918,56,1
1698,North,Electronics,413,578,10,3042,1278,54,1
1699,East,Grocery,179,170,13,626,1896,89,0
1700,West,Electronics,355,381,12,4953,1762,66,0
1701,North,Grocery,431,305,3,4274,1927,53,1
1702,North,Electronics,169,481,8,4488,1409,87,1
1703,East,Apparel,240,590,3,2966,674,74,1
1704,South,Grocery,456,222,3,4165,868,88,1
1705,East,Grocery,201,524,1,1181,970,83,1
1706,North,Electronics,343,102,9,3824,1057,45,1
1707,East,Grocery,311,402,2,3891,1184,97,1
1708,West,Electronics,281,240,5,1503,719,45,0
1709,East,Grocery,412,481,3,333,1937,77,1
1710,West,Electronics,221,186,1,875,618,91,1
1711,South,Grocery,342,193,7,2415,1890,57,1
1712,North,Apparel,365,64,6,2195,1564,99,1
1713,South,Apparel,235,111,1,3669,1603,77,1
1714,East,Apparel,468,235,13,4969,681,62,0
1715,West,Grocery,87,484,13,3649,1466,96,0
1716,North,Grocery,257,241,10,2466,1143,65,1
1717,East,Electronics,355,552,10,4044,630,53,1
1718,North,Apparel,221,355,5,3482,1394,73,0
1719,East,Electronics,468,477,1,4809,1330,56,1
1720,East,Apparel,497,273,4,716,1604,54,1
1721,South,Electronics,277,116,5,4946,712,69,1
1722,West,Apparel,55,251,3,750,790,96,0
1723,South,Electronics,487,333,5,3754,1655,64,1
1724,West,Grocery,478,384,6,4351,1955,61,1
1725,West,Apparel,443,442,14,2769,1583,98,0
1726,West,Apparel,187,340,5,237,517,43,0
1727,South,Electronics,77,257,2,1502,776,58,1
1728,South,Electronics,450,80,13,2941,1038,68,0
1729,West,Grocery,437,375,8,1316,702,82,0
1730,South,Grocery,87,279,2,2546,1313,91,1
1731,South,Electronics,97,203,7,4293,1572,44,1
1732,South,Apparel,458,339,4,823,745,92,1
1733,East,Grocery,428,553,8,2305,1601,63,0
1734,West,Grocery,451,123,2,2836,1366,63,1
1735,West,Apparel,494,537,3,2381,1979,40,1
1736,East,Grocery,427,536,3,816,1457,79,1
1737,North,Apparel,447,400,7,895,1588,75,1
1738,East,Apparel,386,164,4,4498,1728,52,0
1739,West,Apparel,162,203,5,4090,1363,51,1
1740,West,Apparel,405,32,13,2420,889,44,0
1741,North,Electronics,128,477,8,1551,1466,45,0
1742,East,Apparel,145,324,2,2269,1305,66,0
1743,West,Electronics,456,48,4,4160,1259,82,0
1744,North,Grocery,221,360,14,2720,951,47,0
1745,North,Electronics,429,96,10,4540,785,89,1
1746,North,Apparel,250,443,2,2761,1665,81,1
1747,South,Electronics,178,446,4,2511,1859,91,1
1748,West,Electronics,150,374,7,4761,1728,79,1
1749,North,Apparel,288,165,14,1712,1867,41,0
1750,South,Electronics,334,397,11,3933,1811,44,0
1751,West,Apparel,479,270,12,655,1904,69,0
1752,North,Apparel,176,517,2,4702,922,69,1
1753,North,Grocery,340,347,12,2109,1350,72,0
1754,South,Electronics,299,274,6,2159,1333,54,0
1755,West,Apparel,311,118,10,1503,1561,86,0
1756,East,Grocery,263,79,6,4472,1873,47,1
1757,East,Apparel,378,92,13,2439,1683,52,0
1758,South,Grocery,101,479,5,3308,577,89,0
1759,North,Grocery,464,337,10,2599,822,73,1
1760,East,Apparel,271,398,14,1637,1564,57,0
1761,South,Apparel,369,161,8,3529,1383,47,0
1762,East,Apparel,324,551,10,4404,1978,91,0
1763,South,Electronics,335,86,7,1453,506,65,0
1764,North,Grocery,358,579,12,1047,1388,78,0
1765,East,Electronics,319,62,12,3209,1163,69,0
1766,East,Grocery,203,160,13,2018,1644,40,0
1767,North,Electronics,325,423,5,1635,1384,89,1
1768,South,Electronics,466,366,10,1356,608,49,1
1769,East,Electronics,473,139,2,406,1111,41,1
1770,South,Electronics,331,578,8,1422,1457,61,1
1771,North,Apparel,190,528,5,2128,1110,52,1
1772,East,Apparel,487,59,3,4801,836,69,1
1773,North,Apparel,296,52,4,4244,650,66,0
1774,South,Grocery,166,248,7,1314,1387,50,1
1775,East,Electronics,323,485,1,3333,1221,83,1
1776,North,Grocery,390,329,12,4954,1351,95,0
1777,South,Apparel,174,440,5,1627,599,44,1
1778,East,Electronics,235,384,10,2733,1607,88,1
1779,East,Grocery,487,451,5,4087,1482,84,0
1780,North,Apparel,358,159,8,4409,1214,95,1
1781,East,Grocery,476,505,4,1066,1886,61,1
1782,East,Grocery,313,420,3,3887,951,57,1
1783,South,Apparel,140,112,10,2663,975,90,1
1784,West,Electronics,472,433,13,4639,1176,57,0
1785,West,Apparel,115,145,14,1795,540,91,0
1786,West,Electronics,438,504,10,315,1205,67,1
1787,East,Electronics,299,123,5,2353,1958,68,1
1788,East,Grocery,108,164,9,4996,1944,87,1
1789,South,Grocery,497,556,12,1003,1988,52,0
1790,South,Grocery,102,121,11,4105,1341,55,0
1791,West,Grocery,491,469,8,1708,765,80,1
1792,South,Apparel,369,390,11,616,1517,60,0
1793,South,Electronics,314,570,2,2487,1075,82,1
1794,West,Electronics,105,375,6,4355,1969,83,1
1795,North,Electronics,347,181,12,4709,729,90,0
1796,West,Electronics,145,58,8,3355,1851,41,1
1797,South,Electronics,380,40,10,3028,1677,96,1
1798,West,Grocery,56,541,10,3429,960,66,1
1799,East,Apparel,319,268,6,2991,1672,73,0
1800,South,Electronics,319,584,5,1626,1517,78,1
1801,North,Electronics,493,328,4,3408,742,88,1
1802,West,Grocery,175,154,14,2938,1870,89,0
1803,East,Apparel,173,459,7,1567,1432,48,1
1804,East,Apparel,164,178,2,1722,1985,65,0
1805,South,Grocery,193,505,10,358,1320,77,1
1806,South,Apparel,352,510,9,637,745,56,0
1807,West,Apparel,279,225,8,1705,1212,96,0
1808,South,Apparel,94,250,7,2480,1298,40,0
1809,East,Grocery,229,98,11,1405,1800,97,0
1810,North,Apparel,156,369,1,4676,1841,60,0
1811,East,Grocery,237,589,7,537,1981,40,1
1812,West,Apparel,447,449,2,3805,627,82,1
1813,East,Grocery,400,30,5,836,1011,71,1
1814,South,Apparel,422,397,12,3704,1871,87,0
1815,South,Apparel,83,499,11,865,633,89,0
1816,West,Grocery,229,554,4,1058,974,66,1
1817,North,Grocery,312,436,4,3516,1586,97,1
1818,West,Grocery,345,460,11,3013,890,48,0
1819,South,Grocery,452,185,1,2317,1031,57,1
1820,West,Apparel,352,163,7,3551,1182,86,1
1821,North,Apparel,272,319,1,3850,1084,91,0
1822,East,Electronics,195,147,6,4773,1545,87,1
1823,North,Grocery,60,376,10,4453,1900,98,0
1824,East,Apparel,212,555,4,945,1976,81,1
1825,North,Apparel,478,386,13,1961,1114,92,0
1826,East,Apparel,460,291,2,3370,975,89,1
1827,South,Apparel,326,279,10,925,1578,59,1
1828,West,Grocery,87,476,2,976,1943,61,1
1829,West,Electronics,262,446,4,331,1527,59,1
1830,East,Grocery,400,100,4,2716,785,79,1
1831,South,Electronics,146,589,7,1992,1840,44,0
1832,West,Apparel,459,354,6,1008,569,56,1
1833,North,Apparel,240,430,1,855,1883,84,0
1834,North,Electronics,396,519,11,4278,818,63,0
1835,North,Electronics,449,91,3,4331,1759,45,1
1836,North,Grocery,108,124,2,2294,507,73,1
1837,East,Grocery,426,398,8,4463,1062,85,1
1838,South,Apparel,460,248,2,4257,1467,72,0
1839,East,Grocery,208,545,10,3971,1438,95,0
1840,East,Apparel,475,527,11,3673,1654,73,0
1841,South,Electronics,116,558,3,3818,670,61,1
1842,West,Electronics,216,128,12,2473,1693,99,0
1843,North,Apparel,108,532,5,2033,540,60,0
1844,South,Apparel,311,131,1,1407,587,83,0
1845,South,Electronics,176,488,12,2336,578,70,0
1846,North,Grocery,498,191,5,1732,1113,70,1
1847,North,Grocery,482,335,6,4465,1326,43,1
1848,North,Apparel,393,428,3,3033,1950,65,1
1849,West,Electronics,193,481,6,541,1036,59,1
1850,West,Electronics,135,321,3,2484,611,86,1
1851,North,Grocery,59,65,2,1528,1332,71,1
1852,North,Electronics,493,456,12,1280,908,79,0
1853,East,Grocery,379,68,10,546,1890,85,0
1854,North,Electronics,168,448,6,3813,1083,84,1
1855,South,Electronics,97,50,3,3441,1586,48,1
1856,East,Electronics,278,588,13,2779,1647,68,0
1857,West,Grocery,370,211,12,1689,687,49,0
1858,South,Grocery,448,498,4,2400,1190,63,0
1859,East,Electronics,90,287,4,4717,559,86,1
1860,North,Electronics,259,183,12,4068,1693,94,0
1861,West,Electronics,251,95,10,1559,1764,65,1
1862,West,Electronics,458,448,5,4184,1605,75,1
1863,West,Grocery,423,50,14,2980,1333,40,0
1864,East,Grocery,446,468,5,4596,696,84,1
1865,North,Grocery,484,195,2,2203,1191,48,1
1866,West,Apparel,347,237,5,691,1456,74,1
1867,South,Grocery,80,585,1,1835,823,61,1
1868,North,Apparel,144,434,4,3305,1989,67,0
1869,South,Electronics,421,270,3,1789,1055,71,0
1870,East,Grocery,322,203,14,4143,1212,96,0
1871,North,Grocery,56,545,7,2026,1878,81,1
1872,East,Electronics,461,75,13,3663,1814,64,0
1873,West,Grocery,51,61,8,584,522,47,0
1874,South,Grocery,76,488,6,1058,1944,48,1
1875,East,Apparel,65,207,11,3553,817,57,0
1876,West,Grocery,394,177,3,3465,1128,40,1
1877,East,Apparel,51,568,3,3204,841,42,1
1878,East,Apparel,309,430,8,2146,1542,52,1
1879,North,Apparel,299,323,7,1169,1851,45,1
1880,South,Grocery,152,55,3,2272,1318,66,0
1881,South,Electronics,210,186,3,4328,1138,75,1
1882,East,Grocery,319,38,9,4459,801,41,1
1883,North,Electronics,378,477,6,1285,945,62,1
1884,South,Electronics,444,438,12,486,948,57,0
1885,South,Electronics,482,428,7,4462,1717,40,1
1886,West,Apparel,85,492,1,3926,692,45,1
1887,South,Electronics,310,248,9,2252,1710,48,0
1888,West,Electronics,210,146,11,4076,1920,69,0
1889,North,Grocery,445,280,11,3933,1628,86,0
1890,East,Apparel,334,450,6,4414,1677,53,1
1891,East,Electronics,365,73,14,1846,1491,96,0
1892,South,Apparel,73,205,5,2702,928,47,0
1893,South,Apparel,200,120,7,781,1137,66,1
1894,East,Apparel,57,307,11,2871,1681,75,0
1895,West,Electronics,361,561,3,3099,558,94,1
1896,South,Apparel,447,452,6,1797,1469,73,0
1897,West,Apparel,318,218,14,1276,1870,95,0
1898,East,Apparel,402,92,1,2105,1687,72,1
1899,South,Apparel,385,350,14,1389,780,43,0
1900,East,Apparel,112,488,11,2035,962,47,0
1901,North,Grocery,56,297,12,257,1804,66,0
1902,West,Apparel,148,300,14,3062,1258,81,0
1903,North,Apparel,82,30,11,3154,1424,41,0
1904,North,Grocery,304,507,12,2959,1254,47,0
1905,South,Grocery,135,253,11,1957,1966,43,0
1906,East,Apparel,476,447,4,4715,1525,87,1
1907,West,Grocery,259,296,4,4976,1016,71,0
1908,West,Grocery,491,307,12,1645,1947,66,0
1909,North,Electronics,369,476,7,3601,1355,75,1
1910,South,Grocery,260,75,6,1774,911,77,1
1911,North,Apparel,277,108,3,602,1283,42,1
1912,West,Electronics,313,30,8,885,1626,74,1
1913,West,Apparel,366,120,7,709,561,55,0
1914,East,Apparel,316,510,8,3250,1460,67,0
1915,South,Grocery,274,60,3,3623,1556,66,0
1916,West,Grocery,409,417,6,3353,1912,90,0
1917,East,Electronics,121,306,9,4787,810,59,0
1918,North,Electronics,409,207,12,955,1876,61,0
1919,West,Grocery,79,46,10,1386,898,59,1
1920,East,Grocery,108,403,11,1864,876,59,0
1921,South,Apparel,84,476,11,209,1841,92,0
1922,North,Electronics,312,361,10,4174,699,52,1
1923,North,Grocery,176,461,5,4463,630,74,1
1924,South,Electronics,204,353,11,2086,1159,59,0
1925,East,Apparel,183,382,11,4042,1736,94,0
1926,South,Apparel,465,233,11,2639,1782,95,0
1927,South,Apparel,485,587,2,3949,1828,51,1
1928,West,Electronics,362,121,8,3754,956,78,0
1929,East,Apparel,50,93,4,2736,1382,85,1
1930,East,Electronics,216,99,8,3536,1585,73,1
1931,North,Apparel,128,352,13,562,1105,49,0
1932,South,Grocery,130,585,8,3049,687,55,1
1933,East,Apparel,402,140,4,268,1218,56,1
1934,North,Grocery,96,540,11,759,811,59,0
1935,East,Electronics,291,346,9,4965,1769,77,1
1936,South,Grocery,135,433,12,4365,847,56,0
1937,North,Grocery,251,524,6,4866,1817,58,1
1938,East,Electronics,321,332,1,2293,1332,83,1
1939,East,Grocery,126,240,10,4890,942,81,1
1940,North,Grocery,199,35,12,1851,1706,69,0
1941,North,Apparel,216,595,7,842,666,62,0
1942,East,Grocery,193,288,1,4777,925,55,1
1943,North,Electronics,123,215,11,626,1051,68,0
1944,North,Grocery,403,39,2,1122,1177,99,1
1945,West,Grocery,325,233,3,542,1568,64,1
1946,West,Electronics,125,86,11,1184,1154,81,0
1947,East,Apparel,438,527,10,4677,1511,51,1
1948,East,Apparel,271,477,5,645,659,89,0
1949,North,Electronics,443,269,1,4515,1863,64,1
1950,South,Grocery,137,537,13,3424,1571,57,0
1951,North,Grocery,76,46,2,1082,1184,75,1
1952,South,Electronics,434,57,5,2219,1737,54,1
1953,South,Apparel,402,455,6,675,1528,61,1
1954,West,Apparel,331,343,14,1660,1121,53,0
1955,East,Grocery,351,595,2,4235,1738,60,0
1956,North,Grocery,172,425,1,2126,1650,66,1
1957,South,Grocery,418,99,5,3677,1862,72,1
1958,West,Grocery,249,387,14,350,1813,58,0
1959,South,Grocery,174,197,11,376,1115,47,0
1960,East,Grocery,188,306,12,2302,992,72,0
1961,East,Apparel,287,390,2,1253,1923,60,1
1962,North,Electronics,278,433,11,4079,919,94,0
1963,North,Electronics,182,196,5,2552,1358,52,0
1964,North,Apparel,214,169,4,4690,1638,84,1
1965,West,Electronics,495,390,13,1113,1815,48,0
1966,North,Electronics,62,415,2,651,1568,52,1
1967,North,Grocery,108,53,10,4680,1827,76,0
1968,West,Electronics,196,447,11,3868,976,62,0
1969,North,Electronics,414,297,6,3931,1439,63,1
1970,South,Grocery,446,227,11,3919,1445,73,0
1971,South,Grocery,170,42,8,770,885,41,1
1972,West,Grocery,426,141,13,1564,1150,82,0
1973,East,Grocery,186,532,5,606,790,95,0
1974,South,Grocery,203,599,9,351,1123,69,0
1975,East,Apparel,368,381,6,4401,1117,63,1
1976,South,Electronics,360,122,14,528,945,41,0
1977,East,Grocery,325,342,8,4579,1053,98,1
1978,East,Grocery,54,387,2,3810,738,43,1
1979,North,Grocery,229,81,14,2795,1817,62,0
1980,West,Apparel,253,418,14,4145,1011,63,0
1981,North,Electronics,327,565,1,3307,1990,74,0
1982,South,Grocery,179,47,4,3847,630,82,1
1983,North,Grocery,123,371,6,4767,1204,87,1
1984,South,Electronics,76,73,3,475,1951,52,1
1985,West,Apparel,321,193,9,4015,1339,91,1
1986,North,Electronics,345,356,8,4671,637,97,1
1987,West,Grocery,101,47,14,4943,1728,89,0
1988,East,Electronics,366,397,8,4184,1000,71,0
1989,North,Grocery,458,528,9,2821,1771,79,1
1990,South,Electronics,344,48,11,1644,739,96,0
1991,South,Grocery,309,316,7,2634,675,44,1
1992,South,Apparel,266,350,5,4094,1318,63,1
1993,East,Electronics,384,206,11,4195,1615,44,0
1994,West,Electronics,167,52,6,4999,1009,87,0
1995,South,Grocery,313,538,6,2810,864,79,0
1996,East,Electronics,468,518,14,3511,768,67,0
1997,North,Apparel,296,119,14,3675,1298,69,0
1998,South,Grocery,396,254,1,451,813,54,0
1999,East,Apparel,300,32,3,625,1923,78,1
2000,West,Electronics,409,525,1,1325,1038,70,0
2001,North,Electronics,209,479,8,4422,522,63,1
2002,North,Electronics,316,467,13,1308,1802,46,0
2003,South,Grocery,97,372,13,2516,1684,97,0
2004,West,Grocery,354,332,5,1021,1902,70,1
2005,South,Apparel,445,383,4,1388,521,78,1
2006,North,Grocery,247,438,8,3987,1653,91,1
2007,South,Apparel,377,478,3,2763,1963,69,0
2008,North,Grocery,372,358,14,2632,782,99,0
2009,West,Grocery,96,517,14,3892,1614,82,0
2010,North,Electronics,463,331,13,515,1778,54,0
2011,East,Grocery,114,364,12,1123,1349,96,0
2012,East,Apparel,400,83,8,4389,716,73,0
2013,East,Electronics,193,364,6,240,1394,41,0
2014,West,Electronics,77,342,14,4411,1133,48,0
2015,East,Grocery,460,446,8,948,1601,78,0
2016,North,Grocery,94,213,4,3971,1122,47,1
2017,West,Electronics,471,46,1,3685,1135,93,1
2018,North,Apparel,183,171,13,4957,1502,61,0
2019,West,Electronics,254,500,5,4075,999,68,1
2020,North,Apparel,290,277,10,1188,1686,72,1
2021,South,Apparel,408,584,11,2183,704,96,0
2022,East,Apparel,156,470,12,828,1324,83,0
2023,North,Apparel,355,568,2,3891,1132,48,1
2024,West,Electronics,204,196,6,695,1044,98,0
2025,West,Grocery,393,108,4,2087,749,90,1
2026,South,Grocery,195,375,12,1344,551,92,0
2027,North,Grocery,144,518,11,4461,1694,57,0
2028,South,Grocery,143,132,4,4617,1418,98,1
2029,East,Electronics,90,520,8,1915,891,84,1
2030,South,Electronics,189,352,3,2365,650,99,1
2031,South,Electronics,413,266,11,412,608,94,0
2032,South,Electronics,382,268,10,3948,691,86,0
2033,South,Grocery,461,504,13,2611,553,99,0
2034,North,Electronics,226,232,1,4425,1242,53,1
2035,East,Apparel,404,182,14,4470,1068,95,0
2036,North,Electronics,143,237,1,1957,1726,64,0
2037,North,Grocery,367,41,8,3566,702,69,0
2038,West,Electronics,93,342,3,1187,804,55,0
2039,West,Electronics,469,387,5,1990,1555,71,1
2040,South,Apparel,215,128,7,915,1480,89,1
2041,East,Grocery,431,231,3,3210,1581,55,1
2042,West,Grocery,200,382,7,2670,1311,96,0
2043,West,Apparel,104,499,8,4644,1479,46,1
2044,West,Grocery,407,338,2,3232,1261,60,1
2045,South,Apparel,463,133,1,3837,1955,69,0
2046,West,Apparel,395,95,4,705,1921,44,1
2047,West,Grocery,475,542,3,2006,1721,47,1
2048,West,Apparel,378,374,2,1547,745,46,1
2049,West,Grocery,298,430,12,3915,908,92,0
2050,East,Apparel,94,372,14,4955,1392,84,0
2051,South,Apparel,338,297,8,3984,681,81,1
2052,North,Electronics,473,436,13,3063,966,74,0
2053,East,Grocery,148,404,12,1025,1074,44,0
2054,West,Electronics,168,43,4,1672,697,96,1
2055,East,Apparel,356,407,1,2309,1087,49,1
2056,West,Electronics,396,385,1,2946,1226,78,0
2057,East,Apparel,97,220,11,538,1748,71,0
2058,West,Grocery,288,400,12,2016,1730,81,0
2059,North,Apparel,56,511,11,875,1181,43,0
2060,North,Apparel,253,401,9,2024,1610,89,1
2061,West,Grocery,244,317,7,487,1785,51,1
2062,North,Apparel,296,449,11,669,586,68,0
2063,North,Electronics,58,236,7,4316,1125,86,1
2064,West,Grocery,50,426,3,4173,1125,43,1
2065,East,Apparel,365,567,4,450,1355,74,1
2066,East,Grocery,239,62,7,4301,1628,66,1
2067,North,Apparel,449,287,3,2487,532,55,0
2068,South,Apparel,373,333,7,306,623,94,1
2069,West,Apparel,397,541,14,4753,1533,92,0
2070,East,Apparel,273,356,8,2196,507,91,1
2071,South,Apparel,450,266,4,1053,805,61,1
2072,West,Apparel,80,125,8,3731,543,94,1
2073,East,Grocery,355,36,8,4884,651,51,1
2074,West,Apparel,417,386,12,693,1253,58,0
2075,East,Grocery,243,415,9,1377,1193,84,0
2076,South,Apparel,328,407,3,4066,1721,46,1
2077,North,Grocery,383,307,7,2318,979,91,1
2078,West,Grocery,418,482,2,1226,769,66,1
2079,North,Electronics,231,248,7,3022,977,69,1
2080,South,Grocery,484,521,3,1440,1239,76,1
2081,South,Grocery,449,102,3,349,1191,69,1
2082,South,Apparel,396,452,2,3290,1366,51,1
2083,South,Electronics,79,283,2,877,1577,81,1
2084,West,Apparel,467,343,7,1081,1964,80,1
2085,East,Electronics,259,541,12,4014,1571,54,0
2086,West,Electronics,73,408,14,4776,1626,75,0
2087,West,Electronics,59,401,8,1848,1487,94,1
2088,East,Apparel,368,204,13,2722,1907,85,0
2089,South,Electronics,222,271,3,283,924,86,0
2090,South,Grocery,444,419,1,4069,1309,96,0
2091,North,Grocery,181,30,9,3896,588,40,1
2092,East,Grocery,293,205,7,2805,1067,82,1
2093,South,Electronics,427,241,5,3418,574,63,1
2094,East,Apparel,277,510,5,2663,1204,91,1
2095,East,Grocery,226,552,11,3101,1493,74,0
2096,South,Grocery,319,430,14,3525,1630,62,0
2097,West,Electronics,462,423,6,997,1317,55,1
2098,South,Grocery,64,113,14,4001,1816,52,0
2099,North,Electronics,423,502,2,1479,1875,73,0
2100,West,Apparel,328,87,12,4120,1551,71,0
2101,East,Electronics,186,278,10,3184,1586,75,0
2102,East,Electronics,107,46,7,597,872,52,1
2103,North,Grocery,79,375,8,3489,941,80,0
2104,East,Electronics,122,183,14,2445,1097,48,0
2105,South,Grocery,452,65,7,4566,762,69,0
2106,North,Apparel,92,186,12,2664,1891,72,0
2107,West,Electronics,442,428,14,687,911,66,0
2108,South,Apparel,134,214,13,4613,913,41,0
2109,North,Grocery,313,358,10,3250,935,59,1
2110,South,Apparel,89,415,2,3909,790,52,0
2111,East,Grocery,330,582,13,3773,1478,90,0
2112,West,Apparel,383,57,11,3014,1158,62,0
2113,South,Grocery,212,187,14,2422,1470,95,0
2114,North,Electronics,193,503,13,4172,1963,62,0
2115,West,Electronics,348,92,3,727,1866,62,0
2116,South,Apparel,288,149,2,4433,1278,82,1
2117,North,Apparel,419,405,5,3070,723,86,1
2118,East,Grocery,369,56,3,4640,874,79,1
2119,South,Grocery,53,339,2,2527,1670,92,0
2120,East,Electronics,341,344,12,2926,671,42,0
2121,South,Apparel,162,254,8,960,1076,86,1
2122,East,Grocery,163,284,5,2223,1530,90,1
2123,East,Electronics,468,564,5,335,1256,87,1
2124,East,Grocery,240,119,2,1341,758,52,1
2125,West,Grocery,418,49,3,3050,1874,85,0
2126,East,Electronics,327,447,5,433,1710,78,1
2127,West,Apparel,91,353,2,3642,1155,81,1
2128,East,Electronics,247,227,8,301,1457,40,1
2129,South,Grocery,271,309,10,4040,1528,44,1
2130,East,Electronics,411,363,8,963,1051,94,1
2131,West,Electronics,433,63,9,604,1496,70,1
2132,East,Electronics,486,127,1,4523,752,56,0
2133,North,Electronics,290,316,12,460,1325,45,0
2134,North,Grocery,213,569,14,1062,1800,86,0
2135,South,Apparel,186,569,4,1155,1670,88,1
2136,East,Grocery,71,171,13,2045,1134,77,0
2137,East,Electronics,382,146,10,1457,702,61,1
2138,North,Electronics,314,353,13,1644,1810,72,0
2139,South,Electronics,298,595,6,3485,1781,73,0
2140,East,Electronics,393,72,5,2448,1069,83,1
2141,South,Electronics,366,453,13,4786,1229,65,0
2142,North,Apparel,222,72,3,1281,1332,51,1
2143,West,Apparel,301,455,9,4690,516,66,0
2144,South,Apparel,110,213,14,1611,1124,75,0
2145,North,Grocery,261,140,8,502,995,85,1
2146,West,Grocery,299,253,4,1822,809,52,1
2147,North,Apparel,161,293,1,4087,1209,76,1
2148,North,Grocery,229,108,1,2120,994,65,1
2149,South,Apparel,425,178,8,3056,1278,61,1
2150,North,Grocery,433,136,13,1804,601,57,0
2151,North,Electronics,499,571,6,3091,1164,48,1
2152,South,Grocery,431,348,7,3525,1035,55,0
2153,South,Apparel,381,507,12,516,1288,51,0
2154,South,Grocery,110,150,6,3503,1778,73,0
2155,South,Grocery,276,345,14,4202,1599,65,0
2156,East,Apparel,412,415,9,4675,1970,84,0
2157,East,Apparel,207,447,2,1529,1679,51,1
2158,East,Apparel,177,585,10,1899,1500,41,1
2159,South,Electronics,69,101,12,3897,1485,96,0
2160,South,Grocery,120,492,5,1930,960,83,0
2161,North,Electronics,68,475,6,4181,1129,66,1
2162,South,Electronics,192,449,4,800,1099,57,0
2163,North,Electronics,108,173,14,4408,1710,42,0
2164,West,Apparel,87,415,7,3930,1440,49,1
2165,West,Grocery,154,315,7,518,586,97,1
2166,South,Electronics,407,382,5,2930,617,58,1
2167,South,Electronics,420,72,3,3283,934,86,1
2168,South,Grocery,350,550,10,1536,690,44,1
2169,North,Apparel,329,262,11,1659,852,53,0
2170,South,Apparel,323,86,11,1853,1670,76,0
2171,East,Electronics,100,140,14,774,1074,57,0
2172,West,Grocery,463,538,2,4702,1036,89,1
2173,South,Grocery,498,101,5,3716,1160,73,1
2174,East,Electronics,448,100,4,4787,1177,40,1
2175,North,Electronics,151,252,1,4140,1975,58,1
2176,North,Grocery,414,76,11,4935,987,46,0
2177,South,Electronics,273,419,4,3616,1510,74,1
2178,East,Grocery,242,194,5,783,1004,44,1
2179,North,Electronics,366,276,12,4022,518,91,0
2180,North,Electronics,193,136,1,1475,883,60,1
2181,East,Apparel,53,419,3,398,763,59,1
2182,East,Apparel,123,108,14,4475,804,68,0
2183,North,Apparel,211,434,7,3774,545,91,1
2184,South,Grocery,166,70,1,1633,827,55,0
2185,West,Grocery,83,526,7,1162,531,88,1
2186,South,Electronics,449,221,13,2904,689,61,0
2187,East,Grocery,345,262,5,3081,1354,96,0
2188,North,Grocery,74,579,8,3262,594,95,1
2189,North,Electronics,367,173,11,2762,1205,54,0
2190,South,Grocery,155,482,14,2443,1242,95,0
2191,South,Grocery,385,135,3,3268,654,57,0
2192,South,Apparel,119,203,10,2673,1265,99,1
2193,North,Grocery,242,94,12,1212,1932,99,0
2194,South,Electronics,400,464,10,1600,779,73,1
2195,East,Electronics,145,347,8,1368,1087,79,1
2196,North,Electronics,480,599,4,1477,858,70,0
2197,West,Apparel,387,412,3,1588,1020,74,1
2198,East,Electronics,277,71,7,3550,1999,64,1
2199,West,Apparel,271,517,2,1563,702,63,1
2200,West,Apparel,107,404,3,1147,681,45,1
2201,South,Electronics,155,542,13,317,1177,51,0
2202,South,Apparel,89,195,6,361,668,94,0
2203,East,Electronics,82,223,11,4752,1052,77,0
2204,South,Electronics,302,47,12,635,1177,52,0
2205,West,Electronics,327,442,9,1357,1609,97,1
2206,North,Electronics,134,36,12,1808,837,87,0
2207,South,Grocery,427,249,1,2542,1216,83,0
2208,North,Apparel,246,194,13,3301,1617,63,0
2209,West,Electronics,63,371,8,4517,1364,88,1
2210,South,Apparel,281,141,2,254,1079,94,1
2211,East,Apparel,358,552,11,3926,1297,96,0
2212,West,Apparel,244,230,11,3225,962,71,0
2213,West,Apparel,138,288,13,1492,540,60,0
2214,South,Apparel,167,521,10,270,1578,69,1
2215,West,Apparel,470,195,13,2615,1247,84,0
2216,East,Apparel,379,552,5,3724,1031,57,0
2217,West,Apparel,436,569,12,4381,1998,93,0
2218,South,Electronics,421,220,14,4718,1225,54,0
2219,South,Apparel,393,336,3,4849,910,79,1
2220,West,Electronics,308,567,11,992,659,72,0
2221,West,Electronics,281,136,14,1571,1772,72,0
2222,North,Grocery,468,125,4,1359,783,43,0
2223,South,Grocery,177,453,3,3328,1226,47,1
2224,East,Grocery,99,106,13,3412,1647,51,0
2225,West,Grocery,444,478,7,4830,1824,97,1
2226,East,Apparel,359,77,7,2186,1296,57,1
2227,South,Electronics,275,495,3,2994,796,71,1
2228,North,Electronics,386,139,9,2300,1156,89,1
2229,West,Grocery,476,99,10,4031,1280,42,1
2230,North,Grocery,289,508,7,4670,1641,50,1
2231,North,Grocery,445,297,13,4620,1352,56,0
2232,East,Grocery,154,403,5,3266,1320,48,1
2233,North,Grocery,478,290,13,3903,1599,96,0
2234,West,Electronics,330,555,13,4901,718,70,0
2235,North,Electronics,338,261,3,1790,727,94,1
2236,West,Electronics,53,199,12,1625,1460,57,0
2237,North,Electronics,287,576,14,4475,1437,84,0
2238,North,Grocery,139,76,3,2190,1747,79,0
2239,East,Apparel,154,274,13,540,1823,75,0
2240,East,Grocery,486,105,3,2155,1549,65,0
2241,East,Grocery,403,137,1,4191,784,56,1
2242,North,Electronics,221,408,3,1182,1393,91,1
2243,East,Apparel,343,70,10,4524,575,57,1
2244,East,Grocery,361,209,3,2646,1861,87,0
2245,North,Grocery,178,495,9,3870,1151,99,1
2246,West,Grocery,217,246,7,2421,622,43,1
2247,West,Apparel,424,59,3,408,1416,58,1
2248,West,Grocery,443,558,10,1107,1811,92,1
2249,West,Apparel,124,133,3,1076,1096,68,0
2250,South,Apparel,176,448,11,4405,1655,53,0
2251,East,Apparel,223,302,8,4725,1235,41,1
2252,South,Apparel,461,513,7,2441,1064,46,0
2253,North,Apparel,452,375,13,608,696,75,0
2254,East,Grocery,367,500,8,3808,873,50,1
2255,South,Electronics,166,550,9,2189,1117,75,1
2256,South,Apparel,65,420,11,1706,1474,43,0
2257,North,Electronics,337,361,12,3066,1492,40,0
2258,South,Electronics,221,52,6,2821,1325,68,1
2259,South,Grocery,464,523,7,3737,672,99,1
2260,South,Electronics,161,252,10,2728,1211,87,1
2261,South,Electronics,166,436,5,1165,1313,72,1
2262,South,Apparel,332,212,1,912,1036,86,1
2263,West,Electronics,239,446,10,2625,844,80,1
2264,West,Apparel,179,122,3,2191,1270,44,0
2265,North,Grocery,340,521,1,978,1955,93,1
2266,East,Apparel,499,208,6,1915,1576,65,1
2267,West,Grocery,121,289,12,4347,1090,43,0
2268,East,Electronics,305,438,12,3273,1904,61,0
2269,West,Electronics,332,467,4,1622,770,56,0
2270,East,Grocery,405,570,13,2444,965,68,0
2271,South,Electronics,170,506,3,949,648,76,1
2272,West,Electronics,306,82,1,4215,1876,53,0
2273,North,Apparel,498,443,7,1454,936,68,0
2274,East,Electronics,218,113,2,4182,1887,98,0
2275,East,Electronics,407,194,14,4822,717,69,0
2276,North,Electronics,278,428,1,4929,643,44,1
2277,West,Apparel,141,126,10,3218,652,68,1
2278,South,Electronics,275,256,8,3148,1856,65,1
2279,North,Grocery,282,224,2,734,1390,91,1
2280,South,Grocery,225,585,14,3845,1746,61,0
2281,North,Electronics,332,447,1,1740,508,53,0
2282,South,Grocery,448,446,1,3617,1777,72,0
2283,East,Apparel,318,509,6,2820,1188,74,1
2284,South,Apparel,215,598,12,1122,1475,93,0
2285,North,Grocery,405,589,8,603,1507,92,0
2286,North,Electronics,316,378,14,4985,510,64,0
2287,South,Apparel,396,38,11,3811,535,51,0
2288,East,Grocery,389,275,13,4677,600,84,0
2289,South,Electronics,330,116,1,3733,1237,92,1
2290,East,Apparel,316,332,1,3630,1515,54,1
2291,East,Electronics,231,187,13,2684,1262,89,0
2292,West,Electronics,299,56,7,1806,830,46,0
2293,East,Electronics,163,582,4,1714,1545,63,1
2294,West,Apparel,284,72,13,633,1772,66,0
2295,North,Apparel,169,371,10,282,1304,94,1
2296,East,Grocery,153,212,10,3643,1916,42,1
2297,East,Apparel,77,173,4,4307,1469,50,0
2298,East,Apparel,183,558,14,889,633,50,0
2299,North,Grocery,327,64,14,603,562,82,0
2300,North,Apparel,172,353,1,832,1887,93,1
2301,West,Electronics,300,173,6,1901,693,86,1
2302,West,Apparel,236,405,10,1079,719,75,1
2303,South,Electronics,345,191,3,4577,1234,60,1
2304,East,Grocery,437,463,13,1644,754,69,0
2305,North,Grocery,183,56,12,4081,1103,99,0
2306,North,Apparel,296,500,3,871,1071,43,1
2307,East,Grocery,101,154,12,1560,838,45,0
2308,North,Electronics,246,514,4,4464,597,93,1
2309,North,Apparel,476,169,2,681,1839,90,1
2310,North,Apparel,96,252,6,736,1050,69,1
2311,East,Apparel,117,263,12,1456,1396,92,0
2312,East,Electronics,344,391,13,3339,978,87,0
2313,South,Apparel,57,412,1,1457,724,46,1
2314,North,Grocery,491,65,13,2812,1774,90,0
2315,East,Grocery,155,460,1,4799,1704,80,1
2316,East,Grocery,339,422,3,3200,1738,48,1
2317,West,Apparel,322,125,14,3825,1563,47,0
2318,South,Electronics,149,436,8,1971,1321,41,1
2319,West,Electronics,112,78,3,4926,1040,71,0
2320,East,Apparel,470,433,9,1319,1383,77,1
2321,East,Grocery,466,506,3,766,1560,47,1
2322,North,Electronics,427,377,8,1408,934,68,1
2323,North,Grocery,206,253,3,1830,1934,59,0
2324,West,Electronics,129,51,5,1155,1676,64,1
2325,West,Electronics,307,203,8,3248,1997,81,1
2326,West,Apparel,393,106,1,2177,1903,94,1
2327,West,Electronics,250,177,14,3585,1593,66,0
2328,West,Apparel,96,425,5,1040,1988,42,1
2329,East,Electronics,440,39,9,3591,970,67,1
2330,South,Electronics,281,55,7,4252,1642,55,1
2331,West,Electronics,50,457,9,969,1581,80,0
2332,East,Electronics,495,240,1,4022,1974,54,0
2333,South,Apparel,84,520,2,4217,613,83,1
2334,West,Grocery,462,79,13,4453,1417,46,0
2335,South,Grocery,219,143,11,2850,1717,61,0
2336,East,Grocery,347,552,13,550,958,95,0
2337,East,Apparel,157,424,3,4557,1512,86,1
2338,East,Apparel,415,364,2,2870,1832,90,1
2339,East,Apparel,329,316,12,4725,1730,52,0
2340,North,Grocery,249,179,9,4219,1097,48,0
2341,North,Grocery,128,139,6,849,1557,52,0
2342,North,Grocery,409,524,5,4810,1726,55,1
2343,South,Grocery,270,132,6,1781,673,55,1
2344,East,Grocery,323,379,8,1414,1430,81,1
2345,East,Grocery,372,589,1,1136,1432,51,1
2346,North,Electronics,163,371,12,1733,646,60,0
2347,East,Apparel,465,596,3,358,1083,40,1
2348,South,Apparel,383,270,11,2581,962,44,0
2349,East,Grocery,166,215,11,2196,1518,85,0
2350,South,Apparel,64,508,13,966,1945,47,0
2351,East,Electronics,496,246,12,723,1103,75,0
2352,East,Apparel,326,572,7,2074,1699,47,1
2353,West,Electronics,261,58,8,2897,1227,88,0
2354,South,Electronics,283,313,3,700,1817,71,0
2355,North,Electronics,332,272,14,3110,1175,73,0
2356,South,Grocery,301,369,7,2331,1783,43,0
2357,West,Grocery,248,175,3,1212,1653,92,1
2358,South,Electronics,458,168,10,3997,1746,85,1
2359,South,Electronics,182,573,4,410,1020,82,1
2360,North,Electronics,83,556,9,3125,679,93,1
2361,East,Electronics,405,199,5,3824,1275,47,1
2362,North,Grocery,439,136,2,549,1071,55,1
2363,East,Grocery,436,286,5,3568,1069,66,1
2364,South,Grocery,275,508,4,2661,826,81,1
2365,South,Apparel,188,442,11,376,1607,75,0
2366,South,Electronics,462,171,7,1154,1694,40,1
2367,North,Electronics,353,153,2,2238,1833,77,0
2368,West,Electronics,310,406,4,633,1666,89,1
2369,South,Electronics,225,574,10,2713,746,71,0
2370,West,Grocery,216,497,6,1652,1472,88,1
2371,South,Grocery,444,216,8,3151,1467,65,1
2372,South,Grocery,103,56,5,4012,950,83,0
2373,East,Electronics,116,581,13,2853,1187,93,0
2374,South,Grocery,142,433,10,4911,522,94,1
2375,East,Grocery,243,150,7,1613,767,40,0
2376,South,Apparel,437,376,5,2486,1173,82,1
2377,South,Electronics,370,290,11,2004,796,94,0
2378,North,Apparel,310,548,6,2981,969,55,1
2379,North,Apparel,341,79,14,1613,695,65,0
2380,West,Apparel,58,414,4,4607,1964,87,1
2381,South,Apparel,101,248,6,554,1105,94,1
2382,East,Apparel,244,122,3,3397,999,61,1
2383,East,Grocery,88,47,4,1722,1364,59,1
2384,East,Apparel,303,259,3,2019,1704,99,0
2385,South,Electronics,65,419,10,1224,1041,41,1
2386,East,Grocery,157,355,12,4388,1525,85,0
2387,North,Apparel,272,104,10,1080,1452,44,1
2388,South,Electronics,282,505,2,342,1856,91,1
2389,East,Electronics,279,465,11,3762,1859,64,0
2390,East,Apparel,465,485,1,2730,960,76,0
2391,West,Apparel,186,201,10,3795,875,86,1
2392,West,Electronics,429,326,13,1960,1633,45,0
2393,North,Electronics,422,52,5,2207,882,51,1
2394,North,Grocery,345,353,13,1317,598,53,0
2395,West,Electronics,498,509,2,2813,1507,69,0
2396,West,Apparel,368,521,2,2171,1776,86,1
2397,North,Grocery,118,230,5,564,1567,99,1
2398,South,Grocery,404,461,9,3780,1829,42,1
2399,West,Apparel,247,289,2,545,1769,72,0
2400,East,Apparel,169,579,12,2123,1027,79,0
2401,East,Electronics,382,255,4,2648,1545,57,1
2402,South,Apparel,192,99,14,945,1623,69,0
2403,North,Grocery,187,205,14,2143,816,82,0
2404,North,Grocery,208,437,2,2589,1607,93,1
2405,South,Electronics,340,123,10,4835,737,84,1
2406,South,Electronics,110,597,8,3091,865,52,1
2407,East,Apparel,259,101,12,3573,1339,53,0
2408,South,Apparel,67,228,1,3340,1365,40,0
2409,North,Apparel,83,496,10,4796,1375,73,0
2410,East,Apparel,322,142,1,3935,1918,89,0
2411,South,Apparel,218,184,13,618,937,61,0
2412,East,Electronics,271,278,8,208,875,75,1
2413,East,Apparel,392,280,4,380,1212,49,1
2414,West,Apparel,494,239,1,2903,1737,88,1
2415,South,Apparel,327,380,7,3682,834,55,1
2416,West,Grocery,431,170,3,454,513,82,0
2417,South,Apparel,313,269,7,2267,652,93,1
2418,East,Apparel,275,88,7,4920,601,63,0
2419,South,Grocery,68,270,14,2543,1715,89,0
2420,South,Grocery,333,459,3,1048,1253,79,1
2421,South,Electronics,215,68,3,4255,1203,69,1
2422,West,Electronics,60,407,2,904,839,92,1
2423,West,Apparel,146,463,13,1443,719,72,0
2424,East,Grocery,271,411,6,737,1036,65,1
2425,North,Grocery,82,278,5,1403,1764,70,0
2426,North,Apparel,250,408,11,3447,1718,41,0
2427,South,Electronics,498,57,8,3065,1793,75,1
2428,North,Electronics,372,228,3,4217,562,62,1
2429,East,Apparel,435,239,10,2341,1916,40,0
2430,East,Grocery,478,214,4,1687,1573,66,1
2431,South,Apparel,185,235,3,915,1987,57,1
2432,East,Grocery,356,399,10,3278,1353,50,1
2433,South,Apparel,55,116,5,4617,1630,55,1
2434,East,Apparel,323,323,3,2999,1030,66,1
2435,South,Electronics,145,157,4,3645,1216,86,0
2436,North,Electronics,387,213,3,774,843,68,1
2437,South,Grocery,251,438,2,2875,1400,72,0
2438,West,Apparel,378,86,8,4399,772,98,1
2439,South,Electronics,385,585,6,4064,642,96,1
2440,North,Electronics,289,307,7,421,1136,42,0
2441,North,Grocery,211,50,2,1525,1009,67,0
2442,West,Electronics,79,433,11,901,864,80,0
2443,West,Grocery,468,397,2,2458,767,94,1
2444,North,Apparel,416,342,3,1692,1180,95,0
2445,West,Apparel,347,111,1,3266,842,70,1
2446,North,Electronics,73,520,3,2727,1315,98,1
2447,South,Apparel,226,267,2,3166,913,96,1
2448,West,Electronics,205,237,7,2339,773,62,0
2449,East,Apparel,426,564,3,4675,1732,59,1
2450,West,Grocery,327,339,12,4171,1658,69,0
2451,West,Apparel,346,445,2,2529,1850,79,1
2452,South,Apparel,64,545,11,861,1417,85,0
2453,East,Electronics,68,250,3,4348,1753,46,1
2454,East,Apparel,60,411,7,3329,678,42,0
2455,South,Grocery,355,353,7,2860,1079,88,1
2456,East,Apparel,144,327,13,2928,1822,81,0
2457,North,Electronics,349,81,2,3278,1553,71,1
2458,North,Grocery,106,519,1,412,507,76,0
2459,East,Grocery,194,88,5,2287,854,98,1
2460,East,Apparel,462,71,1,3265,1813,95,0
2461,East,Apparel,310,495,7,2035,1574,91,1
2462,North,Electronics,216,181,14,3961,781,69,0
2463,West,Apparel,117,148,13,537,809,74,0
2464,North,Grocery,161,287,1,4525,581,91,0
2465,North,Apparel,269,429,7,2595,580,47,0
2466,West,Apparel,84,276,7,671,656,58,1
2467,West,Grocery,304,166,11,2942,1289,59,0
2468,West,Apparel,397,381,5,4473,535,59,1
2469,South,Grocery,404,59,2,1711,1275,94,0
2470,East,Electronics,424,47,11,2059,805,95,0
2471,East,Grocery,432,274,2,1104,1143,78,1
2472,East,Grocery,179,319,4,3930,1404,75,1
2473,West,Apparel,267,381,9,1833,1899,81,0
2474,West,Grocery,484,238,12,409,1707,83,0
2475,North,Apparel,249,434,11,1174,1990,70,0
2476,North,Apparel,360,231,6,3232,1152,85,1
2477,West,Grocery,397,444,3,4942,1650,77,1
2478,South,Grocery,150,399,2,348,1077,98,1
2479,West,Apparel,136,149,13,4771,1643,52,0
2480,East,Apparel,94,277,6,976,1388,98,0
2481,North,Grocery,369,189,9,4786,823,53,1
2482,East,Grocery,286,181,5,3235,1067,52,1
2483,East,Apparel,355,183,5,4044,1281,51,1
2484,West,Apparel,362,59,11,2356,1564,68,0
2485,West,Apparel,376,226,6,4348,656,70,1
2486,West,Electronics,412,340,14,4758,920,43,0
2487,East,Apparel,347,571,2,892,1145,49,1
2488,South,Apparel,119,568,3,2422,890,45,0
2489,South,Apparel,221,145,2,3372,541,74,1
2490,North,Grocery,109,254,4,857,1374,90,1
2491,North,Electronics,116,599,14,2928,757,48,0
2492,East,Apparel,203,294,10,408,1383,54,1
2493,East,Electronics,101,173,12,4233,580,93,0
2494,North,Apparel,231,549,3,4895,1639,46,1
2495,North,Apparel,103,182,7,2017,1834,84,1
2496,East,Apparel,394,277,1,2029,1905,42,1
2497,East,Apparel,273,94,13,2050,908,51,0
2498,West,Apparel,209,354,9,3597,1211,54,1
2499,South,Grocery,411,532,10,3684,650,99,1
2500,West,Electronics,345,460,13,4447,699,95,0
2501,South,Apparel,59,138,14,4724,871,89,0
2502,South,Grocery,155,590,11,3942,881,80,0
2503,East,Apparel,465,510,6,815,1205,41,0
2504,South,Apparel,281,256,5,1600,1199,99,1
2505,West,Apparel,445,234,9,3629,1053,54,1
2506,West,Grocery,425,379,3,2940,919,43,1
2507,East,Grocery,361,335,13,4235,988,64,0
2508,North,Apparel,311,449,2,2974,992,53,1
2509,West,Electronics,248,483,6,3952,956,97,1
2510,North,Grocery,283,417,5,3628,1924,72,0
2511,East,Electronics,143,256,1,3781,1193,68,1
2512,East,Electronics,495,589,11,2043,807,68,0
2513,South,Electronics,272,556,3,1498,1665,82,0
2514,North,Grocery,200,525,11,3516,932,81,0
2515,West,Apparel,194,438,14,2225,633,56,0
2516,West,Apparel,368,455,7,784,594,76,1
2517,West,Grocery,90,242,1,2486,1334,99,0
2518,South,Grocery,436,142,13,3324,1463,54,0
2519,East,Grocery,241,466,14,286,1925,65,0
2520,East,Apparel,335,437,9,4620,1026,89,1
2521,South,Electronics,486,418,5,4783,1971,72,0
2522,East,Electronics,269,377,6,2794,1430,84,1
2523,North,Grocery,301,467,11,1000,925,65,0
2524,North,Electronics,236,179,8,2407,1845,87,1
2525,East,Grocery,311,389,8,1035,972,44,1
2526,West,Electronics,218,155,2,3376,1470,47,1
2527,East,Grocery,94,77,12,557,1468,44,0
2528,South,Apparel,243,480,11,3060,570,88,0
2529,North,Grocery,328,502,14,766,870,52,0
2530,South,Grocery,160,130,9,4686,1710,96,1
2531,North,Grocery,387,374,14,3122,1581,97,0
2532,West,Grocery,219,270,11,4106,1993,69,0
2533,South,Grocery,415,157,4,4029,1307,99,0
2534,North,Apparel,420,398,7,1954,1548,91,1
2535,North,Electronics,191,493,3,4800,1526,65,1
2536,East,Electronics,319,222,8,2964,552,53,1
2537,South,Apparel,333,492,1,3367,1995,53,1
2538,South,Apparel,450,384,13,1947,1465,83,0
2539,South,Electronics,330,281,4,660,1227,92,1
2540,North,Apparel,229,360,2,1068,1568,87,1
2541,North,Grocery,439,124,4,4776,799,79,0
2542,South,Electronics,214,146,1,3759,1005,82,1
2543,East,Electronics,149,544,5,1769,1593,86,0
2544,North,Apparel,78,357,6,2754,1593,57,1
2545,South,Electronics,142,152,13,2272,1546,80,0
2546,East,Grocery,156,437,1,4666,1648,48,1
2547,East,Grocery,294,278,9,4859,881,69,1
2548,South,Apparel,340,180,13,3699,713,79,0
2549,East,Grocery,308,57,11,2259,1885,83,0
2550,South,Apparel,469,439,14,932,614,92,0
2551,West,Electronics,465,467,1,2610,1132,48,1
2552,West,Electronics,427,368,1,2075,973,73,1
2553,East,Grocery,178,534,11,3279,696,96,0
2554,North,Electronics,152,466,11,3274,923,57,0
2555,West,Electronics,174,458,5,4702,1848,66,0
2556,North,Electronics,294,342,5,643,1643,91,1
2557,South,Grocery,127,292,1,2910,943,91,0
2558,North,Apparel,407,340,10,2401,772,61,1
2559,West,Apparel,432,491,3,357,1804,69,1
2560,East,Electronics,303,476,8,3262,1582,84,1
2561,North,Apparel,94,306,2,4442,1255,89,1
2562,South,Electronics,165,127,2,1617,931,48,1
2563,East,Apparel,430,587,11,912,827,60,0
2564,North,Electronics,465,469,9,1781,1295,55,1
2565,South,Grocery,350,124,14,3880,1792,83,0
2566,South,Grocery,217,336,1,4511,969,62,1
2567,South,Electronics,292,295,8,3162,1547,46,1
2568,North,Electronics,303,374,13,2120,1384,78,0
2569,West,Electronics,90,401,1,2463,1362,88,1
2570,West,Electronics,334,320,3,1053,502,40,1
2571,South,Apparel,180,214,3,971,1154,60,1
2572,South,Electronics,470,153,9,2379,1186,48,1
2573,North,Electronics,157,426,9,3675,1079,75,1
2574,East,Electronics,316,348,7,4026,825,95,1
2575,North,Grocery,417,166,11,1845,1915,91,0
2576,West,Grocery,77,200,7,625,511,76,1
2577,South,Electronics,94,423,5,2929,1004,91,1
2578,North,Electronics,319,476,5,4754,1285,78,0
2579,North,Grocery,118,93,6,2240,1767,74,1
2580,North,Electronics,470,273,11,4949,1459,56,0
2581,West,Electronics,89,163,12,1728,693,65,0
2582,South,Grocery,136,225,1,2714,861,61,1
2583,East,Electronics,322,382,3,2964,671,52,1
2584,North,Grocery,105,76,14,1694,1412,58,0
2585,South,Apparel,454,344,6,1383,772,62,1
2586,West,Grocery,269,528,7,4883,1937,80,1
2587,South,Apparel,61,436,14,3889,1646,74,0
2588,West,Apparel,154,526,1,859,1198,62,0
2589,East,Apparel,150,81,10,862,1261,64,1
2590,East,Electronics,226,437,9,710,1320,96,0
2591,South,Grocery,122,80,4,1757,1502,69,1
2592,South,Apparel,74,242,1,4811,1478,83,1
2593,West,Electronics,170,503,14,2513,1596,48,0
2594,East,Grocery,82,60,11,562,938,73,0
2595,North,Apparel,490,40,3,2353,1966,45,1
2596,East,Electronics,140,163,5,2570,533,56,1
2597,East,Apparel,65,144,11,888,1857,60,0
2598,South,Electronics,451,202,11,4319,815,87,0
2599,West,Apparel,116,404,10,2865,1693,83,0
2600,South,Electronics,294,319,6,529,1718,78,1
2601,East,Electronics,331,316,9,1249,1110,91,1
2602,West,Grocery,444,258,13,4939,918,87,0
2603,South,Grocery,375,281,1,1512,1007,64,0
2604,West,Electronics,264,478,14,3072,705,44,0
2605,West,Apparel,423,436,4,4464,507,58,0
2606,South,Grocery,275,184,10,268,1551,82,1
2607,North,Apparel,53,322,10,3153,1369,55,0
2608,East,Electronics,461,97,7,3492,1631,96,1
2609,East,Electronics,355,530,8,2848,1316,72,1
2610,East,Grocery,263,356,11,396,1023,46,0
2611,East,Grocery,245,586,14,2549,1093,51,0
2612,South,Electronics,249,215,14,4545,1508,62,0
2613,East,Electronics,72,537,11,2437,873,54,0
2614,North,Electronics,166,407,13,4890,1577,98,0
2615,West,Electronics,292,420,6,2172,1078,76,1
2616,West,Electronics,164,485,7,1239,1012,48,1
2617,South,Apparel,254,74,5,1697,1164,46,1
2618,East,Grocery,164,151,6,608,1517,75,0
2619,West,Grocery,477,104,1,4705,1194,65,0
2620,West,Grocery,355,140,7,1372,1425,53,0
2621,West,Electronics,284,180,12,1554,1344,89,0
2622,South,Grocery,223,381,12,638,1458,50,0
2623,East,Apparel,110,523,1,1958,728,80,1
2624,South,Grocery,428,574,3,2297,1864,58,1
2625,East,Apparel,347,160,2,2018,1354,87,1
2626,North,Electronics,86,412,7,2937,1047,41,0
2627,North,Apparel,406,497,10,1181,1379,51,0
2628,West,Grocery,483,69,1,4185,678,47,0
2629,West,Grocery,318,416,10,2419,874,74,1
2630,East,Electronics,214,569,8,3788,1665,47,1
2631,West,Apparel,104,405,8,820,1453,44,1
2632,East,Electronics,319,313,9,1826,1255,65,1
2633,West,Electronics,317,371,14,1475,1331,95,0
2634,North,Electronics,150,476,10,450,575,95,1
2635,North,Grocery,75,388,5,4002,1426,64,0
2636,West,Grocery,84,322,12,4948,1519,89,0
2637,South,Electronics,201,441,9,640,1107,45,1
2638,North,Apparel,162,596,13,1600,1783,82,0
2639,West,Apparel,73,289,13,4064,1286,46,0
2640,South,Electronics,278,531,10,4802,1534,55,1
2641,West,Apparel,376,509,11,1601,1707,79,0
2642,North,Electronics,286,200,14,3380,1825,92,0
2643,North,Electronics,426,43,3,2353,581,62,0
2644,East,Apparel,330,429,9,2269,543,66,1
2645,South,Grocery,429,538,6,928,1431,48,1
2646,North,Electronics,224,95,7,2818,1749,80,0
2647,South,Electronics,107,54,10,4781,1085,44,1
2648,South,Grocery,260,597,13,1577,551,62,0
2649,East,Apparel,331,478,4,1109,1503,57,0
2650,South,Grocery,469,307,7,1480,1847,42,0
2651,South,Grocery,454,526,4,4759,699,43,0
2652,East,Electronics,242,536,13,2984,1955,48,0
2653,North,Apparel,197,568,7,2794,781,55,0
2654,North,Grocery,320,225,10,1024,1313,54,1
2655,South,Electronics,167,533,13,4018,1222,80,0
2656,East,Grocery,417,492,9,744,526,87,1
2657,North,Grocery,314,227,5,4291,725,51,1
2658,East,Grocery,165,248,14,3559,1937,80,0
2659,East,Apparel,387,99,7,3046,1901,46,0
2660,East,Electronics,429,233,3,1871,1036,88,1
2661,East,Apparel,440,163,8,4566,1185,53,1
2662,South,Grocery,229,483,4,447,1729,58,1
2663,West,Grocery,465,366,13,3637,1982,80,0
2664,East,Apparel,140,286,1,3289,1498,51,1
2665,East,Electronics,334,564,9,1103,855,41,1
2666,South,Apparel,53,86,10,3473,1027,79,1
2667,West,Electronics,70,127,9,1962,1587,47,0
2668,South,Grocery,465,67,1,234,1973,94,0
2669,North,Electronics,402,561,8,805,1369,64,1
2670,South,Grocery,261,471,9,2664,829,54,0
2671,South,Grocery,53,413,13,2510,834,62,0
2672,South,Electronics,69,380,12,4682,834,90,0
2673,East,Electronics,309,588,14,272,1722,83,0
2674,West,Apparel,96,250,3,2803,1065,91,1
2675,North,Electronics,233,326,3,4417,534,57,1
2676,West,Apparel,298,495,1,4236,945,42,1
2677,South,Apparel,250,201,6,3823,1026,55,1
2678,East,Electronics,82,591,14,4730,676,99,0
2679,East,Apparel,233,288,1,1268,674,43,1
2680,South,Electronics,471,263,11,3600,1029,84,0
2681,North,Grocery,386,291,9,2700,1158,44,0
2682,West,Apparel,198,98,5,652,1650,85,1
2683,West,Electronics,383,531,14,1430,879,56,0
2684,North,Grocery,70,352,6,3255,1148,83,0
2685,South,Electronics,78,43,2,2867,1176,56,1
2686,East,Grocery,238,73,2,1986,1400,57,0
2687,West,Apparel,184,484,6,2342,1520,91,0
2688,North,Grocery,386,146,11,1556,703,88,0
2689,North,Electronics,317,284,5,1707,993,86,1
2690,South,Apparel,190,353,7,4700,622,95,1
2691,South,Electronics,236,444,8,678,1073,44,1
2692,North,Electronics,254,316,1,2655,1989,92,1
2693,East,Apparel,71,52,5,1459,927,63,1
2694,West,Electronics,199,475,6,1509,1018,66,1
2695,North,Electronics,159,293,14,4112,1564,79,0
2696,South,Apparel,282,424,8,573,882,89,0
2697,North,Electronics,103,247,1,4918,1915,58,1
2698,West,Apparel,375,118,13,3452,809,77,0
2699,East,Grocery,65,118,12,844,1983,50,0
2700,South,Apparel,307,317,5,3848,751,42,0
2701,North,Apparel,364,367,8,1253,1110,67,1
2702,South,Electronics,114,580,8,1230,1068,40,0
2703,North,Electronics,379,135,1,4110,1354,63,0
2704,South,Electronics,240,295,9,2113,1611,88,1
2705,North,Electronics,147,270,9,1743,870,79,0
2706,East,Apparel,80,110,2,2510,1320,89,1
2707,East,Apparel,419,286,7,3752,542,44,1
2708,East,Electronics,413,309,11,2806,1451,99,0
2709,South,Grocery,278,406,10,3064,706,71,0
2710,West,Electronics,222,409,14,2745,1883,60,0
2711,East,Apparel,334,510,6,1637,979,85,1
2712,West,Electronics,295,364,1,3989,738,42,1
2713,North,Grocery,255,274,3,3913,1538,59,1
2714,West,Grocery,325,376,14,3434,1498,40,0
2715,South,Apparel,211,503,11,4970,1957,44,0
2716,South,Electronics,410,572,12,1428,1897,72,0
2717,West,Grocery,182,458,3,2899,990,92,1
2718,West,Grocery,101,320,1,785,627,40,1
2719,South,Apparel,184,449,4,2027,842,58,0
2720,North,Grocery,447,492,11,1059,582,72,0
2721,North,Grocery,345,74,7,612,1359,69,0
2722,North,Apparel,251,463,3,807,1338,88,1
2723,South,Electronics,430,313,9,4077,1600,70,0
2724,East,Apparel,289,490,4,719,1419,64,1
2725,East,Apparel,331,134,9,4193,534,75,1
2726,West,Grocery,155,364,12,4219,1153,66,0
2727,West,Apparel,265,409,5,3559,1562,92,1
2728,East,Apparel,306,406,11,645,728,96,0
2729,East,Apparel,103,445,14,2255,1062,53,0
2730,East,Apparel,51,95,4,3377,797,70,1
2731,North,Electronics,223,506,14,1269,956,57,0
2732,West,Electronics,219,372,11,2184,1564,80,0
2733,West,Electronics,290,227,1,3344,1254,95,1
2734,North,Apparel,77,355,2,2575,1139,98,0
2735,West,Grocery,362,461,4,1292,1122,94,1
2736,South,Grocery,257,421,10,4825,1429,49,0
2737,East,Electronics,104,436,12,4360,608,75,0
2738,West,Grocery,155,515,2,4623,1082,96,1
2739,North,Grocery,213,441,5,4143,1676,96,1
2740,North,Apparel,254,223,6,3820,847,48,1
2741,East,Electronics,144,30,14,4713,1264,84,0
2742,South,Grocery,120,447,5,4160,747,60,0
2743,West,Electronics,359,500,13,4003,576,94,0
2744,East,Grocery,215,262,5,2657,1486,83,0
2745,East,Grocery,425,218,13,3970,604,74,0
2746,North,Grocery,153,558,4,2601,1191,63,0
2747,South,Apparel,469,409,2,4351,1624,47,1
2748,West,Apparel,199,345,12,2687,1211,43,0
2749,West,Electronics,57,252,10,1274,1908,61,1
2750,West,Electronics,182,457,13,661,1381,95,0
2751,West,Apparel,407,508,5,4637,1928,43,1
2752,West,Electronics,161,400,2,4233,1364,46,1
2753,South,Grocery,280,214,3,3923,1756,51,1
2754,West,Electronics,190,533,12,3840,983,58,0
2755,South,Electronics,173,59,9,2397,1452,41,1
2756,West,Electronics,252,592,1,4592,1233,99,1
2757,South,Grocery,301,271,14,734,1197,60,0
2758,East,Grocery,277,185,13,4321,546,42,0
2759,South,Grocery,234,488,6,3076,1208,55,0
2760,East,Apparel,465,128,6,3703,1511,55,1
2761,South,Grocery,154,285,2,4295,1025,72,1
2762,North,Electronics,397,71,7,3017,1281,62,1
2763,East,Electronics,287,147,9,2713,1999,68,0
2764,East,Electronics,431,326,10,1817,1575,65,1
2765,South,Apparel,465,447,12,573,933,45,0
2766,North,Electronics,183,187,1,4449,1150,59,0
2767,East,Electronics,379,210,3,1214,1453,95,1
2768,West,Grocery,323,160,6,4849,1385,60,0
2769,South,Electronics,486,224,10,4325,1427,54,0
2770,North,Electronics,457,145,10,589,768,71,1
2771,North,Grocery,347,438,11,3438,1719,96,0
2772,North,Electronics,217,439,10,1230,1906,62,1
2773,North,Electronics,424,139,7,730,1821,65,0
2774,South,Grocery,483,238,5,4397,1726,64,1
2775,West,Electronics,84,575,1,1472,1507,57,1
2776,South,Electronics,470,56,4,3233,1453,69,0
2777,East,Electronics,224,100,11,3789,997,89,0
2778,West,Grocery,340,409,12,2320,1181,49,0
2779,South,Apparel,377,255,8,4771,604,80,1
2780,South,Electronics,337,455,5,4469,637,64,1
2781,East,Grocery,77,499,9,1981,537,51,0
2782,North,Electronics,119,593,1,2957,1701,62,1
2783,South,Grocery,424,161,5,3092,1666,83,1
2784,South,Electronics,198,187,4,1990,900,67,0
2785,East,Electronics,240,205,3,2677,1392,87,1
2786,East,Electronics,488,549,13,445,1117,90,0
2787,East,Apparel,86,303,9,2552,799,56,1
2788,East,Electronics,132,208,5,4854,824,43,1
2789,East,Electronics,328,122,14,4612,1495,49,0
2790,West,Grocery,442,294,4,4480,1979,97,1
2791,West,Electronics,51,277,10,4309,992,42,1
2792,South,Grocery,157,547,3,2460,1972,98,1
2793,South,Grocery,101,320,12,2907,1163,58,0
2794,West,Grocery,440,449,13,2004,1666,58,0
2795,South,Electronics,356,505,4,3523,1931,63,1
2796,West,Apparel,171,80,10,4575,1713,76,0
2797,South,Electronics,189,288,3,2130,1205,79,0
2798,East,Grocery,323,582,5,4287,1615,51,1
2799,North,Grocery,181,367,14,1562,742,42,0
2800,South,Grocery,425,481,6,3379,1477,73,1
2801,North,Apparel,58,500,7,1029,1412,66,1
2802,East,Electronics,374,59,5,4187,828,64,1
2803,West,Electronics,275,265,6,1214,1544,78,0
2804,West,Apparel,282,167,3,2833,971,92,1
2805,North,Electronics,336,91,7,3820,1004,42,1
2806,South,Apparel,465,76,2,1565,1835,83,0
2807,South,Grocery,292,244,5,1814,929,75,1
2808,West,Apparel,236,553,2,1098,1269,48,0
2809,South,Apparel,343,63,9,3367,1763,63,1
2810,North,Apparel,346,547,10,2010,1252,90,1
2811,West,Electronics,102,284,11,3398,534,87,0
2812,East,Electronics,154,142,8,3773,1563,66,1
2813,North,Electronics,173,477,3,1811,1577,71,1
2814,South,Grocery,77,577,11,1434,1129,93,0
2815,South,Grocery,345,440,11,1762,1062,50,0
2816,North,Grocery,479,187,8,316,1047,70,1
2817,West,Grocery,229,97,11,713,1636,72,0
2818,North,Electronics,236,200,2,3133,902,72,0
2819,South,Grocery,321,328,8,4237,1064,46,1
2820,South,Apparel,456,197,2,840,1141,90,0
2821,South,Grocery,150,503,8,1723,751,52,1
2822,North,Grocery,405,49,1,2949,1452,53,0
2823,West,Electronics,261,266,13,3351,786,70,0
2824,East,Grocery,205,300,6,4906,1169,85,0
2825,East,Grocery,275,504,12,839,864,94,0
2826,East,Apparel,493,367,14,876,599,65,0
2827,North,Electronics,452,362,2,2597,1946,55,0
2828,North,Grocery,88,348,11,3402,1938,85,0
2829,East,Electronics,246,57,13,2067,1150,53,0
2830,West,Electronics,202,364,5,2021,1512,87,1
2831,South,Grocery,447,584,13,3109,810,82,0
2832,East,Grocery,132,571,5,3003,1074,71,1
2833,North,Grocery,489,542,13,994,751,41,0
2834,East,Grocery,419,46,11,3486,1463,41,0
2835,North,Grocery,339,216,2,3025,1569,45,1
2836,South,Grocery,63,380,5,4779,723,63,1
2837,South,Grocery,127,87,7,3325,1528,62,0
2838,North,Electronics,240,358,13,2977,789,74,0
2839,West,Grocery,183,465,1,1167,724,67,1
2840,South,Apparel,448,586,9,2008,1130,97,0
2841,South,Grocery,163,134,7,4497,746,47,1
2842,North,Electronics,220,318,14,4792,1624,48,0
2843,South,Apparel,327,99,7,2215,1355,56,1
2844,North,Apparel,115,40,11,3592,512,71,0
2845,North,Grocery,77,155,4,1206,1466,93,1
2846,West,Apparel,208,55,11,4348,1095,59,0
2847,North,Electronics,128,39,7,1738,1546,43,1
2848,East,Apparel,382,65,7,233,820,90,1
2849,South,Apparel,68,478,11,2663,1099,40,0
2850,North,Electronics,423,189,11,1443,1584,85,0
2851,North,Electronics,247,322,6,2786,1596,58,1
2852,East,Grocery,230,562,8,3128,1097,63,1
2853,East,Grocery,119,433,10,1472,1544,80,0
2854,North,Grocery,215,521,4,2173,1233,91,0
2855,South,Grocery,177,185,6,670,1917,52,0
2856,South,Apparel,368,201,9,4226,1355,76,1
2857,East,Electronics,408,49,7,754,1076,40,0
2858,East,Grocery,96,374,13,1519,885,90,0
2859,West,Electronics,231,264,12,1239,1734,49,0
2860,North,Apparel,96,595,5,4255,930,80,1
2861,West,Apparel,424,106,6,2686,670,41,0
2862,North,Electronics,461,311,4,2296,1542,96,0
2863,North,Apparel,392,287,9,4960,1900,53,1
2864,South,Apparel,123,436,7,2417,1047,47,1
2865,South,Grocery,58,407,2,4085,1662,65,1
2866,East,Grocery,280,329,12,876,777,48,0
2867,East,Grocery,296,428,11,3025,1793,93,0
2868,North,Apparel,209,386,8,4563,1774,50,0
2869,South,Grocery,345,82,3,550,1020,45,1
2870,East,Apparel,430,73,14,4311,1952,62,0
2871,West,Apparel,410,385,13,201,1863,41,0
2872,East,Grocery,123,487,7,2894,1980,47,1
2873,West,Electronics,240,447,1,886,627,91,1
2874,North,Electronics,370,138,12,3080,899,77,0
2875,South,Apparel,149,591,3,1795,660,71,1
2876,North,Grocery,493,37,1,4785,625,40,1
2877,East,Apparel,422,575,10,4707,1326,96,1
2878,South,Electronics,397,589,6,881,1148,99,1
2879,West,Grocery,376,325,4,4303,916,66,0
2880,West,Grocery,482,224,10,537,1823,63,1
2881,West,Apparel,100,416,8,3988,784,78,1
2882,East,Electronics,296,41,4,4635,1422,77,0
2883,North,Apparel,284,184,9,1001,596,78,0
2884,South,Grocery,449,588,9,4731,1673,79,1
2885,West,Grocery,86,267,5,2846,1568,67,1
2886,North,Grocery,476,531,10,2317,1980,51,1
2887,West,Apparel,361,500,8,834,1887,98,1
2888,West,Electronics,459,156,4,792,1912,57,1
2889,West,Apparel,441,227,10,1052,1910,94,1
2890,West,Grocery,393,461,5,1570,1302,93,0
2891,East,Electronics,117,81,2,960,1263,46,0
2892,East,Electronics,458,439,5,4595,998,81,1
2893,South,Apparel,148,320,7,2325,1422,67,1
2894,South,Apparel,284,47,14,629,1102,50,0
2895,West,Apparel,281,422,1,3792,1354,80,1
2896,East,Electronics,314,335,5,914,1367,86,1
2897,East,Apparel,394,437,7,2968,765,58,1
2898,West,Grocery,135,518,6,4672,1099,41,0
2899,North,Grocery,354,121,8,1561,550,52,0
2900,East,Apparel,299,415,6,647,615,65,1
2901,West,Apparel,81,419,3,2059,1136,92,0
2902,East,Electronics,52,532,14,2597,1891,47,0
2903,East,Apparel,171,440,12,2281,988,88,0
2904,East,Grocery,485,110,8,2498,1137,41,0
2905,West,Grocery,291,478,6,1694,509,78,1
2906,South,Grocery,291,287,7,2769,1886,92,1
2907,East,Apparel,153,240,8,1288,1251,72,1
2908,East,Apparel,396,246,1,3410,1115,45,1
2909,North,Apparel,363,431,2,4448,1511,68,1
2910,North,Grocery,170,274,9,4795,672,85,1
2911,South,Electronics,114,256,4,767,681,87,1
2912,South,Electronics,433,312,9,626,814,48,1
2913,North,Grocery,165,594,12,1768,840,47,0
2914,West,Apparel,355,114,4,1906,504,90,1
2915,West,Grocery,292,90,11,3196,1459,43,0
2916,North,Grocery,130,214,11,902,608,76,0
2917,West,Apparel,143,553,1,1653,1231,68,0
2918,North,Electronics,130,502,1,1745,1811,64,0
2919,South,Electronics,475,443,4,2275,1736,70,1
2920,West,Grocery,286,462,7,1557,1130,51,0
2921,North,Grocery,254,347,1,2589,1319,89,1
2922,West,Electronics,112,158,3,4188,1094,86,1
2923,West,Electronics,335,479,14,3295,1682,63,0
2924,West,Electronics,91,588,5,699,667,84,1
2925,West,Electronics,453,339,2,739,918,50,1
2926,East,Apparel,489,483,1,2116,1543,86,1
2927,North,Electronics,172,350,2,3354,832,68,0
2928,West,Grocery,152,485,8,3051,917,99,1
2929,West,Grocery,440,327,2,896,1295,44,0
2930,North,Electronics,74,578,4,1785,905,71,1
2931,East,Grocery,256,570,3,2835,1649,48,0
2932,North,Electronics,236,595,11,2045,766,41,0
2933,West,Electronics,122,544,14,2877,1761,56,0
2934,East,Apparel,216,467,8,4923,538,75,1
2935,West,Apparel,276,99,7,790,1196,82,1
2936,East,Apparel,491,45,3,3623,1474,84,1
2937,North,Apparel,243,292,6,243,1045,80,1
2938,North,Apparel,396,238,7,1535,1152,78,1
2939,West,Grocery,305,151,5,2998,1883,58,1
2940,West,Grocery,90,182,12,4692,1912,52,0
2941,North,Grocery,52,146,12,2254,1374,78,0
2942,West,Electronics,187,200,7,1012,1529,98,1
2943,North,Electronics,488,581,4,2872,824,47,1
2944,East,Apparel,111,361,5,4853,1424,89,1
2945,South,Apparel,335,230,11,1392,1541,52,0
2946,East,Grocery,379,365,1,2040,1157,80,0
2947,South,Electronics,358,586,11,4735,1877,64,0
2948,South,Electronics,488,433,1,517,1596,98,0
2949,West,Grocery,228,41,9,2719,956,56,1
2950,South,Apparel,388,390,4,896,1842,95,1
2951,West,Electronics,440,579,12,764,1939,85,0
2952,East,Grocery,194,113,6,627,738,51,0
2953,West,Electronics,265,58,12,550,1905,49,0
2954,West,Apparel,403,273,3,3925,504,56,1
2955,East,Apparel,278,516,10,3796,771,66,1
2956,South,Electronics,296,274,3,656,1526,50,1
2957,North,Electronics,137,342,4,1144,678,50,1
2958,West,Electronics,486,182,1,2368,616,59,1
2959,North,Apparel,330,397,3,3329,1292,41,1
2960,East,Electronics,214,486,14,3570,1219,54,0
2961,South,Electronics,250,336,4,4608,1995,52,1
2962,South,Electronics,239,46,12,3402,1871,98,0
2963,North,Electronics,114,496,7,306,1180,42,1
2964,North,Apparel,130,173,13,2774,1998,62,0
2965,North,Apparel,55,118,4,1601,1917,71,1
2966,South,Electronics,128,223,8,1263,1897,47,1
2967,North,Grocery,312,563,9,4277,1571,76,1
2968,West,Apparel,322,560,14,2565,696,51,0
2969,South,Electronics,352,198,8,2302,1621,66,1
2970,East,Grocery,333,229,7,1797,1308,96,1
2971,East,Apparel,238,237,5,1572,781,75,1
2972,East,Electronics,96,113,13,3072,1030,71,0
2973,West,Grocery,469,177,2,2239,758,58,1
2974,West,Apparel,147,282,1,2292,1527,76,1
2975,North,Electronics,280,170,5,3888,941,71,1
2976,West,Electronics,262,498,3,4685,1411,52,1
2977,North,Grocery,97,326,2,2769,829,94,1
2978,East,Apparel,64,275,10,3184,1275,52,1
2979,South,Apparel,420,443,7,3876,1990,48,1
2980,West,Electronics,68,64,9,1008,565,80,1
2981,East,Electronics,225,117,11,2497,772,53,0
2982,North,Grocery,385,57,4,4125,1507,88,1
2983,North,Electronics,425,313,6,778,1356,65,1
2984,West,Electronics,315,273,3,2188,1281,57,1
2985,North,Grocery,130,565,5,3183,1402,59,0
2986,West,Grocery,448,380,2,2836,1141,92,1
2987,North,Electronics,291,247,9,2054,1687,66,1
2988,South,Electronics,97,129,12,461,1626,48,0
2989,North,Grocery,74,83,5,3859,1899,98,1
2990,North,Electronics,87,207,7,2295,785,46,1
2991,West,Electronics,495,456,8,4733,760,97,1
2992,South,Grocery,271,391,10,2076,1163,59,1
2993,West,Apparel,342,233,4,3796,680,91,0
2994,East,Apparel,324,576,4,3905,1928,77,1
2995,East,Grocery,445,346,4,2492,1431,57,1
2996,West,Apparel,342,215,8,3356,1938,83,1
2997,West,Apparel,375,91,7,3754,1800,72,1
2998,North,Apparel,283,186,13,4245,970,98,0
2999,East,Electronics,328,272,14,3347,1465,97,0
3000,West,Apparel,51,238,11,1315,1878,56,0
3001,East,Electronics,495,573,8,4099,1375,61,0
3002,East,Electronics,274,244,7,279,863,89,0
3003,West,Apparel,496,595,5,2479,1590,65,1
3004,South,Grocery,450,377,2,4844,1036,87,0
3005,West,Apparel,161,416,10,3240,1846,42,1
3006,South,Grocery,127,308,13,2094,1776,54,0
3007,North,Electronics,396,519,13,2426,1604,78,0
3008,East,Apparel,162,406,12,2654,1312,68,0
3009,East,Grocery,311,289,3,3946,1346,93,0
3010,South,Grocery,471,215,13,3370,712,46,0
3011,East,Apparel,490,232,5,2530,1376,69,0
3012,North,Apparel,281,503,7,3554,1210,94,1
3013,West,Grocery,263,561,7,4351,1699,94,0
3014,West,Grocery,181,289,12,763,1419,53,0
3015,South,Electronics,396,599,13,3590,1962,42,0
3016,South,Apparel,382,556,14,1939,879,83,0
3017,East,Grocery,476,398,11,3626,836,91,0
3018,North,Electronics,195,405,2,4346,622,55,0
3019,South,Electronics,251,264,7,1441,1742,79,1
3020,South,Electronics,193,597,11,3894,1229,50,0
3021,South,Apparel,413,87,14,1486,1839,41,0
3022,North,Grocery,118,233,1,2585,584,59,0
3023,West,Apparel,379,151,9,4692,1208,88,1
3024,East,Electronics,494,68,8,318,905,97,1
3025,North,Apparel,144,91,7,1432,1337,91,1
3026,East,Apparel,333,429,4,1195,1123,76,1
3027,North,Apparel,54,530,10,2454,662,82,0
3028,South,Apparel,308,221,3,250,1083,82,0
3029,South,Electronics,250,39,1,4800,1944,60,1
3030,North,Grocery,263,246,4,4005,1606,55,1
3031,North,Apparel,354,456,8,1951,679,59,0
3032,North,Apparel,383,126,11,3444,1334,90,0
3033,South,Grocery,124,279,1,1258,1512,47,1
3034,West,Apparel,477,565,9,2040,1456,94,1
3035,South,Apparel,93,382,10,1583,920,50,1
3036,East,Grocery,66,144,3,4333,1572,88,1
3037,West,Electronics,76,246,12,1334,723,73,0
3038,South,Electronics,439,365,14,2430,1263,50,0
3039,North,Electronics,303,229,14,4419,1684,40,0
3040,West,Apparel,487,165,13,1560,1811,44,0
3041,South,Grocery,124,225,7,782,1739,68,0
3042,South,Apparel,199,341,4,3683,1385,78,1
3043,North,Apparel,401,561,6,3602,1894,43,0
3044,South,Apparel,245,283,12,866,1427,41,0
3045,West,Electronics,405,556,3,1695,1367,89,1
3046,North,Grocery,55,319,8,1673,1790,79,1
3047,South,Grocery,491,319,9,1109,925,90,1
3048,East,Apparel,214,180,13,4979,897,96,0
3049,South,Electronics,251,370,3,563,677,42,0
3050,West,Grocery,198,74,2,3246,1633,72,0
3051,South,Apparel,464,364,6,4526,1837,99,1
3052,East,Electronics,228,148,11,2651,1074,90,0
3053,North,Electronics,323,260,8,972,946,43,0
3054,North,Apparel,132,148,8,1049,1832,64,1
3055,West,Grocery,436,487,7,4372,1820,53,0
3056,North,Electronics,443,553,3,2561,1549,42,0
3057,North,Apparel,54,477,6,4406,1566,91,1
3058,South,Grocery,170,255,13,4280,1269,91,0
3059,West,Grocery,50,222,8,1018,815,78,1
3060,East,Electronics,450,379,13,2607,1786,89,0
3061,South,Electronics,491,597,10,2840,1816,49,1
3062,North,Electronics,103,483,8,277,1496,59,1
3063,West,Grocery,282,268,11,1519,766,94,0
3064,South,Electronics,232,471,6,3728,937,53,0
3065,West,Electronics,404,36,9,3003,1712,74,1
3066,West,Electronics,52,33,11,2028,1045,69,0
3067,South,Apparel,419,534,2,3571,695,61,0
3068,North,Grocery,312,145,14,3178,1510,79,0
3069,West,Apparel,345,587,8,259,1628,42,1
3070,West,Apparel,132,392,14,4697,952,65,0
3071,West,Apparel,137,208,4,2248,862,76,1
3072,South,Electronics,262,445,13,1646,1904,95,0
3073,East,Electronics,55,446,5,3167,1114,50,1
3074,West,Apparel,365,50,9,2474,930,84,1
3075,East,Grocery,451,297,7,595,1000,53,1
3076,South,Apparel,239,451,14,3745,1930,71,0
3077,North,Apparel,442,293,2,3580,1915,96,1
3078,South,Electronics,433,369,5,332,912,65,1
3079,East,Apparel,231,583,2,3446,907,42,0
3080,North,Apparel,120,229,10,2731,1971,87,1
3081,East,Apparel,185,548,3,2006,1023,79,1
3082,North,Grocery,164,546,4,4563,1117,45,0
3083,South,Apparel,151,329,9,216,1583,82,1
3084,South,Electronics,476,113,10,3698,1705,68,1
3085,North,Electronics,292,286,4,401,747,93,1
3086,South,Grocery,416,450,5,4600,500,94,1
3087,West,Electronics,75,393,6,3663,1403,55,1
3088,East,Grocery,399,542,3,3077,1463,63,1
3089,East,Grocery,424,207,12,1778,1247,66,0
3090,East,Electronics,268,181,5,1019,1244,77,1
3091,West,Electronics,292,541,14,3608,917,55,0
3092,West,Apparel,313,353,8,2923,1083,42,1
3093,South,Grocery,126,569,2,4505,1636,68,1
3094,East,Grocery,315,104,8,1129,578,51,1
3095,South,Electronics,127,179,4,1168,1207,94,1
3096,East,Grocery,53,571,7,1912,1979,40,0
3097,West,Electronics,95,537,6,3992,1661,51,0
3098,East,Electronics,314,416,12,3659,968,81,0
3099,North,Apparel,293,471,8,1759,1284,88,1
3100,South,Apparel,425,535,11,2004,1714,60,0
3101,South,Grocery,353,248,5,767,918,56,1
3102,East,Grocery,64,263,4,1409,600,57,1
3103,North,Electronics,81,226,10,675,1013,50,0
3104,South,Apparel,196,458,4,3823,568,64,1
3105,North,Electronics,354,128,11,1846,1783,54,0
3106,South,Grocery,82,511,9,4033,840,61,1
3107,West,Apparel,466,394,6,1261,1357,68,0
3108,East,Apparel,341,363,14,816,1895,43,0
3109,West,Apparel,313,56,8,3561,690,97,1
3110,South,Grocery,327,596,7,591,1025,40,1
3111,South,Electronics,152,421,12,1622,1567,86,0
3112,West,Grocery,405,199,7,1711,645,43,1
3113,South,Electronics,305,244,5,3690,1206,80,1
3114,South,Electronics,330,579,6,4673,1132,84,0
3115,North,Electronics,92,278,3,3551,1039,92,1
3116,West,Grocery,119,593,7,1803,1796,97,0
3117,South,Apparel,53,241,13,964,1603,79,0
3118,East,Electronics,346,203,14,4096,1230,71,0
3119,North,Electronics,306,439,3,4449,1341,61,1
3120,West,Apparel,82,499,11,4368,1454,66,0
3121,East,Grocery,66,187,12,3576,1711,47,0
3122,North,Electronics,418,241,9,4495,1345,40,1
3123,South,Electronics,392,239,3,2302,1164,67,0
3124,North,Grocery,109,492,2,1380,617,57,1
3125,East,Apparel,316,34,1,1495,1916,45,0
3126,North,Grocery,409,88,5,1644,1520,64,0
3127,South,Grocery,262,305,5,3361,1970,43,1
3128,North,Electronics,123,472,3,1610,1979,69,1
3129,North,Grocery,363,253,13,1053,567,59,0
3130,East,Apparel,239,415,1,2813,1609,49,1
3131,North,Electronics,413,464,10,2764,1973,71,1
3132,West,Apparel,104,384,13,3181,721,93,0
3133,West,Apparel,474,406,10,3154,527,59,0
3134,West,Electronics,364,131,2,793,1563,89,1
3135,South,Grocery,252,202,7,3182,1419,62,1
3136,North,Electronics,123,522,14,628,1281,91,0
3137,North,Grocery,142,116,11,860,1052,65,0
3138,South,Grocery,150,130,12,2949,698,57,0
3139,South,Grocery,380,250,4,4751,1909,63,1
3140,North,Apparel,336,444,4,2072,1505,56,1
3141,North,Grocery,186,97,6,3785,841,93,0
3142,West,Electronics,245,77,4,2592,663,55,1
3143,North,Grocery,250,294,9,1680,1717,43,0
3144,South,Grocery,199,245,11,4840,1340,41,0
3145,West,Grocery,291,519,11,4735,531,82,0
3146,West,Grocery,346,66,1,1512,1627,68,1
3147,West,Apparel,295,347,12,1158,802,90,0
3148,East,Grocery,499,272,14,4294,837,51,0
3149,South,Electronics,375,298,1,3515,804,96,1
3150,South,Grocery,124,235,8,1848,854,44,1
3151,West,Grocery,150,84,1,542,1907,64,1
3152,West,Electronics,289,203,2,4108,616,42,1
3153,North,Grocery,362,193,2,3049,1014,95,1
3154,South,Electronics,129,332,13,2765,1248,53,0
3155,East,Grocery,418,547,11,2342,1212,80,0
3156,North,Apparel,274,53,7,4609,1208,82,0
3157,North,Grocery,325,518,13,1340,1365,72,0
3158,South,Apparel,96,470,9,4399,517,84,1
3159,East,Electronics,386,423,1,2117,697,87,1
3160,North,Apparel,377,301,11,3529,874,54,0
3161,South,Grocery,304,570,12,2443,724,46,0
3162,East,Apparel,154,500,8,4189,1980,68,1
3163,West,Apparel,190,88,8,4665,581,96,1
3164,West,Grocery,426,382,13,4272,504,67,0
3165,West,Apparel,167,380,14,3840,899,80,0
3166,East,Grocery,229,96,2,1620,564,69,1
3167,South,Apparel,315,360,14,3537,1324,43,0
3168,North,Apparel,253,227,2,477,1437,43,0
3169,South,Apparel,84,483,5,1195,1781,52,0
3170,South,Apparel,263,569,5,1322,1869,53,1
3171,West,Grocery,335,296,13,3360,1095,96,0
3172,East,Apparel,392,141,7,4864,1475,93,0
3173,North,Grocery,476,263,11,2419,1327,45,0
3174,East,Electronics,462,511,8,664,1709,80,0
3175,North,Apparel,103,468,9,3793,1134,46,1
3176,West,Apparel,312,460,10,473,1861,92,1
3177,West,Grocery,131,586,2,3542,1010,45,1
3178,South,Apparel,249,372,4,1978,1575,94,1
3179,West,Grocery,182,519,9,3669,561,46,1
3180,West,Apparel,310,487,8,3913,1448,80,1
3181,East,Apparel,254,230,2,1806,1000,56,1
3182,East,Grocery,324,556,5,3611,1218,62,0
3183,West,Grocery,119,459,6,3687,1788,71,1
3184,North,Apparel,152,264,6,3005,1863,63,1
3185,East,Electronics,168,85,10,3884,1007,73,1
3186,North,Electronics,267,358,8,3619,876,52,1
3187,West,Apparel,97,183,5,3234,1849,64,0
3188,West,Apparel,165,83,10,2579,1189,74,1
3189,East,Electronics,132,169,5,4328,1989,97,0
3190,North,Electronics,487,38,11,799,1158,57,0
3191,West,Grocery,142,422,12,2494,1599,63,0
3192,West,Grocery,224,281,13,2378,854,67,0
3193,East,Electronics,132,128,5,3698,1241,88,1
3194,North,Grocery,385,438,12,3104,868,44,0
3195,South,Apparel,111,545,7,3041,1739,90,1
3196,East,Apparel,225,521,7,2703,1969,78,0
3197,East,Apparel,472,370,12,998,1802,87,0
3198,West,Apparel,421,330,11,2829,955,73,0
3199,East,Grocery,290,536,8,3568,1785,89,1
3200,South,Electronics,165,128,1,2667,1494,53,1
3201,North,Electronics,260,266,8,3283,791,63,1
3202,West,Apparel,258,254,8,690,511,52,0
3203,South,Grocery,285,470,6,2204,1322,88,1
3204,North,Grocery,383,77,8,2585,503,62,0
3205,South,Electronics,348,123,8,3461,1571,70,1
3206,East,Grocery,77,575,4,1879,1006,68,1
3207,East,Electronics,146,174,7,259,1941,76,1
3208,East,Apparel,234,293,3,4163,1320,66,1
3209,West,Apparel,210,230,9,1503,612,93,0
3210,South,Apparel,68,208,2,1554,1383,60,0
3211,East,Grocery,455,557,2,4808,1237,49,1
3212,East,Electronics,104,31,4,3623,1620,82,0
3213,North,Apparel,54,573,12,4074,1612,90,0
3214,West,Electronics,164,39,1,953,623,65,0
3215,East,Electronics,82,382,1,3466,1633,55,0
3216,South,Apparel,192,291,13,4157,1116,80,0
3217,North,Grocery,384,405,13,482,886,47,0
3218,South,Grocery,275,83,8,3374,1171,55,1
3219,North,Apparel,121,441,5,4338,909,72,1
3220,East,Electronics,319,217,7,3803,1496,57,1
3221,East,Electronics,61,583,9,4998,1832,96,0
3222,East,Apparel,449,270,13,4783,746,62,0
3223,East,Grocery,322,535,7,2083,856,57,0
3224,West,Electronics,54,339,6,2326,1704,66,0
3225,East,Electronics,486,213,3,4523,1144,57,1
3226,East,Electronics,308,308,9,4316,1323,77,1
3227,North,Grocery,226,301,11,4672,1363,93,0
3228,West,Apparel,126,305,3,4551,1728,44,1
3229,South,Grocery,72,564,13,4772,1670,81,0
3230,West,Apparel,251,134,9,3169,1984,76,1
3231,South,Apparel,52,386,9,1989,1441,41,1
3232,South,Electronics,451,550,7,3051,1684,75,0
3233,North,Apparel,120,153,8,4379,576,65,0
3234,North,Grocery,404,256,13,1640,1625,79,0
3235,East,Electronics,233,69,6,3117,1144,71,1
3236,South,Grocery,268,451,12,1137,636,55,0
3237,North,Electronics,204,70,11,1734,634,97,0
3238,West,Grocery,316,82,10,3457,636,78,0
3239,North,Apparel,148,258,2,2222,1479,44,1
3240,East,Apparel,261,231,7,1669,1470,91,1
3241,North,Grocery,292,296,1,4806,1293,65,1
3242,East,Grocery,198,316,4,3653,784,80,1
3243,East,Electronics,116,43,7,1412,1253,75,1
3244,South,Electronics,82,243,5,2186,780,59,1
3245,North,Apparel,414,401,9,2521,1752,95,1
3246,North,Grocery,184,386,2,1817,1371,48,1
3247,North,Electronics,158,386,4,2979,1771,69,1
3248,West,Apparel,66,102,12,4057,1137,63,0
3249,North,Grocery,192,133,5,3410,1185,97,1
3250,South,Electronics,292,100,12,1570,941,69,0
3251,West,Electronics,259,290,9,3589,1074,66,1
3252,West,Grocery,170,113,4,3420,1963,82,1
3253,East,Electronics,216,480,12,4732,730,43,0
3254,West,Electronics,272,421,12,1807,1013,56,0
3255,North,Grocery,83,426,2,1378,905,99,0
3256,North,Electronics,106,414,13,2657,846,91,0
3257,West,Grocery,403,278,5,1525,1204,68,0
3258,North,Grocery,499,53,7,2538,1418,50,1
3259,North,Grocery,352,590,2,4081,1920,73,0
3260,East,Apparel,75,578,12,4175,1174,84,0
3261,West,Grocery,333,224,11,3939,1633,83,0
3262,South,Apparel,488,298,11,3853,585,65,0
3263,South,Grocery,147,527,9,4486,1743,83,1
3264,West,Electronics,291,473,4,4848,1118,71,0
3265,West,Electronics,110,529,6,2845,1771,93,0
3266,East,Apparel,251,296,10,4326,1054,64,1
3267,West,Electronics,457,285,12,393,1130,80,0
3268,North,Grocery,249,564,3,4541,1039,55,1
3269,South,Grocery,125,218,6,3622,507,68,1
3270,East,Apparel,412,237,3,1547,1488,98,1
3271,South,Electronics,341,128,3,3188,791,75,1
3272,North,Electronics,236,281,14,4880,1494,52,0
3273,South,Grocery,156,361,5,3450,1827,49,0
3274,East,Grocery,304,375,12,4365,654,56,0
3275,East,Grocery,329,217,13,3116,853,95,0
3276,South,Electronics,51,347,13,922,865,66,0
3277,West,Grocery,354,525,3,3949,562,77,1
3278,South,Apparel,98,229,10,3653,1937,87,1
3279,South,Apparel,436,450,12,359,953,65,0
3280,East,Grocery,144,109,5,2703,1940,69,0
3281,South,Grocery,397,404,7,4979,1017,87,1
3282,North,Electronics,60,406,7,4444,761,82,1
3283,South,Apparel,218,147,8,722,678,77,0
3284,South,Electronics,237,335,1,2776,1197,60,1
3285,South,Apparel,243,404,5,2835,1613,81,0
3286,South,Electronics,316,235,2,2189,1374,49,1
3287,North,Electronics,88,193,8,3453,1760,78,1
3288,South,Apparel,384,257,1,4540,1244,97,1
3289,East,Electronics,449,199,2,3174,706,89,0
3290,South,Grocery,459,229,4,2800,1928,57,1
3291,South,Apparel,154,89,6,1454,1644,78,1
3292,South,Electronics,263,549,5,635,746,55,1
3293,North,Electronics,108,262,3,1095,1648,46,1
3294,North,Electronics,183,586,7,2202,942,63,1
3295,South,Grocery,162,369,11,2623,1778,43,0
3296,South,Electronics,313,493,1,3597,1990,80,1
3297,North,Grocery,216,453,14,3027,1532,60,0
3298,East,Apparel,318,284,14,1323,835,91,0
3299,West,Electronics,391,218,7,1066,1255,63,0
3300,South,Apparel,74,119,9,3053,1652,52,0
3301,South,Electronics,69,182,5,615,627,67,1
3302,East,Grocery,70,150,4,3104,996,98,1
3303,South,Electronics,271,386,6,4932,1189,52,1
3304,West,Apparel,441,266,7,1698,1843,88,0
3305,East,Apparel,122,401,10,3528,835,86,1
3306,East,Grocery,239,264,14,2613,1183,68,0
3307,South,Apparel,349,528,2,2882,1819,91,1
3308,West,Apparel,376,458,1,886,1185,54,1
3309,South,Grocery,385,468,5,250,571,78,1
3310,West,Electronics,462,230,8,3088,881,90,1
3311,West,Grocery,336,117,10,669,1999,62,1
3312,North,Apparel,319,227,11,1103,746,53,0
3313,North,Grocery,243,54,8,1851,1680,98,1
3314,East,Grocery,410,138,14,687,1764,42,0
3315,South,Electronics,452,352,5,387,1561,63,0
3316,South,Grocery,466,329,3,3371,1403,66,1
3317,North,Apparel,455,239,8,4156,1745,57,1
3318,North,Apparel,198,293,1,742,1812,93,1
3319,South,Grocery,119,420,8,3042,1251,99,0
3320,South,Electronics,118,422,13,3900,1904,74,0
3321,East,Grocery,56,413,3,2600,1286,77,1
3322,West,Apparel,288,431,10,4679,1468,99,0
3323,North,Grocery,131,540,11,2894,1524,55,0
3324,East,Apparel,312,149,2,3230,1603,77,1
3325,South,Electronics,92,469,10,2197,685,84,0
3326,South,Electronics,446,330,14,2147,1667,66,0
3327,North,Apparel,412,103,2,438,941,76,1
3328,South,Grocery,382,212,7,4112,1698,46,1
3329,North,Apparel,301,435,7,3326,1130,85,0
3330,East,Apparel,248,237,7,696,1403,98,0
3331,West,Electronics,312,531,9,3416,1245,46,1
3332,West,Grocery,110,110,4,4642,819,99,1
3333,South,Electronics,319,488,12,4246,1349,43,0
3334,West,Apparel,400,527,7,2567,1843,54,1
3335,North,Grocery,276,97,13,2501,1080,66,0
3336,North,Grocery,148,55,14,782,1964,94,0
3337,West,Grocery,475,145,4,2367,1809,89,1
3338,North,Apparel,441,567,6,4869,1707,41,1
3339,North,Electronics,249,180,3,2780,1984,84,1
3340,West,Grocery,248,375,8,2394,709,80,1
3341,East,Grocery,312,417,9,4610,920,90,1
3342,West,Grocery,482,84,9,4463,1123,73,0
3343,West,Grocery,418,599,2,3559,718,98,0
3344,East,Apparel,434,117,4,438,846,40,1
3345,West,Electronics,123,259,12,4602,1360,80,0
3346,West,Electronics,499,203,7,1352,596,56,1
3347,South,Electronics,428,479,3,1860,1886,87,1
3348,South,Apparel,50,114,12,4584,518,52,0
3349,South,Grocery,239,583,9,3449,1170,47,1
3350,North,Electronics,143,423,12,1590,1747,85,0
3351,North,Grocery,247,530,9,1072,1954,54,1
3352,West,Electronics,102,281,4,983,1576,60,0
3353,South,Electronics,135,137,7,2519,686,86,1
3354,West,Grocery,472,373,11,3713,512,48,0
3355,North,Apparel,96,429,2,572,631,79,1
3356,North,Electronics,469,309,10,3145,1278,58,0
3357,East,Apparel,263,471,4,3252,1274,51,1
3358,North,Grocery,190,202,14,3272,546,46,0
3359,West,Grocery,261,415,1,402,1951,91,0
3360,North,Grocery,204,364,13,2913,1260,90,0
3361,South,Apparel,417,111,6,4365,651,47,1
3362,East,Grocery,190,340,7,3078,1489,72,1
3363,East,Grocery,129,527,4,4623,1122,40,0
3364,West,Electronics,436,278,4,2707,906,73,0
3365,North,Apparel,442,50,3,2732,1153,52,0
3366,West,Electronics,435,168,1,233,1856,72,0
3367,South,Grocery,349,520,2,3772,1270,65,0
3368,South,Electronics,383,414,6,4774,549,64,1
3369,West,Apparel,499,185,10,1184,1387,83,1
3370,North,Apparel,111,296,9,2206,1484,69,1
3371,North,Apparel,492,394,13,4057,1200,99,0
3372,West,Grocery,493,269,10,2734,1746,98,1
3373,South,Grocery,426,72,7,1201,739,64,1
3374,North,Apparel,157,376,12,2174,729,77,0
3375,West,Electronics,420,469,1,3681,1702,48,0
3376,West,Grocery,334,555,10,4843,1856,94,1
3377,East,Apparel,340,360,12,3672,1327,41,0
3378,North,Apparel,93,275,9,1243,1175,97,1
3379,South,Electronics,393,475,3,4385,1646,67,1
3380,North,Electronics,377,116,8,1285,1525,70,1
3381,South,Electronics,372,410,9,3119,1889,52,1
3382,North,Grocery,363,285,1,2902,596,74,0
3383,East,Apparel,441,425,4,3150,1033,85,0
3384,West,Apparel,397,154,3,1451,961,63,0
3385,East,Grocery,282,195,9,491,508,64,1
3386,North,Grocery,84,172,13,3336,1305,65,0
3387,East,Grocery,388,131,2,1954,1367,85,0
3388,North,Apparel,352,559,8,4123,1240,65,1
3389,North,Grocery,158,264,5,4421,943,82,1
3390,West,Electronics,376,332,11,1997,1709,50,0
3391,South,Electronics,283,97,14,4368,1419,48,0
3392,East,Apparel,399,247,8,2214,839,56,1
3393,South,Electronics,279,268,5,926,1592,95,0
3394,East,Electronics,492,242,8,3743,1853,90,0
3395,North,Electronics,337,172,9,4875,1714,98,1
3396,West,Apparel,437,330,13,4235,907,48,0
3397,South,Electronics,456,134,11,1135,1757,84,0
3398,West,Grocery,229,594,7,3323,689,80,1
3399,North,Grocery,499,152,3,3609,1099,79,0
3400,South,Electronics,125,578,11,3115,1337,97,0
3401,West,Grocery,209,289,4,1645,573,58,1
3402,North,Electronics,281,188,8,397,1665,87,0
3403,East,Grocery,260,459,2,3672,1829,55,1
3404,East,Apparel,398,104,6,867,740,59,1
3405,East,Grocery,178,44,8,982,846,68,0
3406,East,Apparel,77,308,8,1484,1318,89,1
3407,North,Grocery,380,93,8,4904,1845,78,0
3408,North,Electronics,343,514,8,889,837,78,1
3409,South,Apparel,258,293,5,3266,1860,97,0
3410,South,Electronics,197,414,13,1944,1043,64,0
3411,East,Grocery,451,483,4,286,1908,53,1
3412,West,Apparel,96,316,6,412,739,83,1
3413,East,Grocery,374,384,2,4023,1753,75,1
3414,West,Grocery,244,151,10,2086,1223,74,0
3415,North,Electronics,490,405,8,493,1300,88,1
3416,West,Grocery,458,232,4,244,1761,43,1
3417,South,Apparel,104,528,13,4833,725,78,0
3418,South,Grocery,451,278,4,1347,1815,46,1
3419,North,Grocery,195,475,14,1476,586,86,0
3420,East,Apparel,152,223,3,4463,718,97,1
3421,West,Grocery,69,55,7,2283,1519,44,1
3422,West,Apparel,94,186,9,773,983,59,0
3423,East,Grocery,65,200,12,928,1264,59,0
3424,South,Apparel,319,106,12,4788,1018,41,0
3425,South,Apparel,315,495,1,1911,1469,48,1
3426,West,Apparel,474,38,6,2374,865,41,0
3427,North,Apparel,443,153,5,3438,1988,43,1
3428,North,Grocery,250,57,4,4580,1802,80,1
3429,South,Grocery,406,225,3,2793,1277,80,0
3430,South,Apparel,155,287,3,1066,1297,78,1
3431,North,Electronics,476,517,13,3728,1536,51,0
3432,North,Apparel,184,179,4,2707,640,43,0
3433,North,Apparel,364,149,3,2273,1072,97,1
3434,East,Apparel,490,549,5,4385,845,48,1
3435,East,Electronics,293,443,6,1806,1546,62,0
3436,North,Apparel,479,245,12,2174,1708,54,0
3437,South,Grocery,422,82,4,3650,1635,69,1
3438,North,Electronics,434,546,14,321,1472,70,0
3439,East,Apparel,290,521,3,555,1229,77,1
3440,South,Electronics,142,591,14,3546,1615,48,0
3441,North,Grocery,216,60,10,313,760,43,1
3442,North,Apparel,62,133,11,2313,1999,74,0
3443,West,Apparel,182,48,11,3575,1079,56,0
3444,South,Apparel,442,537,4,1412,693,98,1
3445,West,Grocery,155,552,13,249,1108,88,0
3446,West,Grocery,216,458,11,4986,1936,98,0
3447,East,Electronics,293,202,6,2873,753,66,1
3448,West,Apparel,141,569,3,3455,859,45,1
3449,South,Electronics,317,53,6,2426,808,99,1
3450,West,Grocery,377,162,14,537,1972,85,0
3451,South,Apparel,93,287,14,2044,1273,61,0
3452,South,Electronics,304,238,2,1324,912,71,0
3453,West,Electronics,72,136,10,317,1291,70,1
3454,East,Grocery,154,500,8,1850,1343,68,1
3455,West,Grocery,405,517,9,4873,1156,95,1
3456,East,Electronics,96,437,12,2962,1633,81,0
3457,West,Electronics,473,171,7,1617,1439,64,1
3458,East,Electronics,116,66,11,849,837,82,0
3459,East,Grocery,418,436,5,3730,1142,61,1
3460,South,Grocery,157,133,4,4535,1936,52,1
3461,West,Grocery,62,275,13,3486,1210,70,0
3462,South,Apparel,237,109,1,3735,724,98,1
3463,South,Apparel,485,226,3,867,1377,98,1
3464,North,Apparel,234,523,8,3219,1066,76,0
3465,North,Grocery,386,222,14,4034,1526,81,0
3466,North,Electronics,88,478,5,3646,971,87,0
3467,East,Apparel,430,221,12,4096,809,77,0
3468,East,Grocery,209,426,14,2754,526,97,0
3469,South,Electronics,128,578,4,2137,1376,67,0
3470,West,Grocery,152,586,1,2364,1569,59,1
3471,West,Grocery,233,205,13,1674,1647,93,0
3472,East,Electronics,304,96,1,783,1074,99,1
3473,West,Apparel,271,336,2,899,611,61,1
3474,North,Grocery,495,254,14,4447,1680,47,0
3475,North,Electronics,142,391,7,621,606,78,1
3476,North,Apparel,96,504,4,4126,734,48,1
3477,East,Electronics,174,301,11,1931,1068,49,0
3478,East,Apparel,319,228,13,4305,1752,48,0
3479,North,Grocery,267,34,1,3212,712,48,1
3480,North,Apparel,146,400,6,900,1976,67,1
3481,East,Electronics,75,88,8,4155,855,64,1
3482,South,Apparel,378,481,9,413,1063,51,0
3483,South,Apparel,419,548,12,984,1386,96,0
3484,East,Grocery,52,559,14,1516,1546,45,0
3485,East,Apparel,141,298,2,3674,1713,56,1
3486,West,Electronics,313,220,11,2298,1808,65,0
3487,West,Apparel,479,340,5,3938,1200,45,1
3488,North,Grocery,345,395,10,1611,721,77,1
3489,West,Grocery,57,52,14,1732,772,45,0
3490,West,Electronics,370,30,7,2500,1074,51,0
3491,East,Apparel,498,223,10,3769,579,92,1
3492,West,Grocery,470,96,7,3612,873,77,1
3493,North,Grocery,362,149,8,3151,1128,95,1
3494,East,Apparel,215,572,4,4730,1962,67,1
3495,North,Electronics,123,434,2,1044,1324,47,0
3496,South,Apparel,284,532,1,3015,1150,54,0
3497,East,Apparel,258,172,5,1848,1225,67,0
3498,North,Electronics,230,577,5,3727,533,41,1
3499,South,Apparel,352,83,5,1271,1607,79,0
3500,South,Grocery,92,251,2,3007,1745,57,1
3501,West,Apparel,133,432,12,2843,1979,87,0
3502,South,Apparel,254,152,2,797,1149,59,1
3503,West,Electronics,103,243,1,2726,834,60,1
3504,East,Apparel,191,422,3,967,1634,40,0
3505,East,Apparel,79,74,13,4607,1977,59,0
3506,East,Apparel,253,174,3,2517,936,94,1
3507,South,Electronics,459,591,13,4280,641,97,0
3508,East,Electronics,59,500,9,1829,549,51,0
3509,North,Grocery,435,323,1,3010,715,50,1
3510,East,Electronics,211,121,8,886,924,55,1
3511,East,Grocery,354,249,9,519,1924,80,1
3512,South,Grocery,449,312,12,398,1881,92,0
3513,South,Electronics,465,408,10,3802,1668,53,1
3514,West,Electronics,53,500,2,233,894,66,1
3515,West,Apparel,294,457,9,1201,1350,96,1
3516,North,Electronics,427,402,6,2593,1393,53,0
3517,South,Electronics,379,364,13,443,1169,91,0
3518,North,Electronics,294,194,9,2993,1774,91,1
3519,North,Electronics,114,108,4,1858,1867,73,1
3520,East,Grocery,75,239,4,3404,587,42,1
3521,East,Grocery,119,30,2,1536,1373,50,1
3522,West,Apparel,92,139,13,4633,968,69,0
3523,North,Electronics,273,202,8,877,703,62,0
3524,South,Grocery,493,578,7,4673,1063,54,0
3525,West,Apparel,202,463,4,2653,1918,82,0
3526,North,Apparel,160,242,7,1806,1149,76,1
3527,West,Grocery,74,476,12,2926,1904,88,0
3528,South,Grocery,65,522,14,4993,1486,55,0
3529,South,Apparel,417,106,5,2591,646,59,1
3530,West,Apparel,320,230,7,747,1890,84,1
3531,North,Apparel,334,55,3,2874,780,98,1
3532,South,Electronics,380,318,2,1760,1740,64,1
3533,West,Apparel,279,483,14,4624,749,47,0
3534,East,Apparel,216,203,13,449,570,41,0
3535,West,Grocery,309,124,12,3231,1959,94,0
3536,East,Apparel,132,298,8,945,646,68,1
3537,North,Grocery,360,259,6,4060,977,44,1
3538,West,Electronics,469,340,7,3441,574,99,1
3539,East,Electronics,231,173,11,3419,1418,82,0
3540,North,Electronics,280,83,13,1645,733,81,0
3541,South,Electronics,217,215,1,1290,1496,61,0
3542,South,Electronics,442,429,9,1549,878,54,1
3543,South,Grocery,189,555,13,1721,1170,97,0
3544,West,Grocery,450,368,11,3680,1505,88,0
3545,East,Apparel,124,270,9,3826,583,49,1
3546,East,Apparel,202,578,3,908,1504,72,1
3547,East,Apparel,353,54,5,3340,1533,73,0
3548,East,Apparel,404,422,5,424,1072,42,1
3549,South,Electronics,100,323,6,353,1359,44,1
3550,East,Electronics,75,204,8,2004,1121,89,1
3551,East,Electronics,78,483,1,3234,1547,49,1
3552,South,Electronics,476,408,8,2661,1635,69,0
3553,East,Electronics,222,237,9,672,1841,60,0
3554,West,Apparel,209,322,8,2153,603,41,1
3555,North,Electronics,294,274,7,3060,1411,52,0
3556,East,Apparel,97,462,2,1338,505,96,0
3557,West,Grocery,473,197,12,1463,969,77,0
3558,North,Electronics,235,470,12,2192,988,73,0
3559,South,Electronics,234,348,7,2682,1069,46,1
3560,South,Electronics,462,128,1,4714,1287,59,0
3561,East,Apparel,79,438,6,2128,1189,72,1
3562,West,Apparel,317,49,9,652,1292,80,1
3563,South,Apparel,107,289,14,1551,1000,98,0
3564,East,Apparel,421,489,12,4265,1796,57,0
3565,South,Electronics,439,280,1,2096,1233,96,1
3566,South,Grocery,355,178,5,1498,1062,54,1
3567,West,Apparel,110,371,3,4742,613,50,1
3568,North,Grocery,153,257,7,2370,810,58,1
3569,West,Electronics,405,45,4,2048,1189,47,0
3570,West,Apparel,392,123,7,3683,1528,99,1
3571,East,Grocery,376,57,8,4920,829,80,0
3572,East,Electronics,407,332,8,2004,986,62,1
3573,East,Electronics,250,176,11,208,1411,63,0
3574,South,Apparel,78,421,1,4471,1435,57,1
3575,North,Electronics,381,592,3,3458,1161,49,1
3576,North,Grocery,181,68,11,2592,798,52,0
3577,South,Electronics,488,121,6,3683,974,89,1
3578,West,Electronics,499,68,6,3383,750,49,1
3579,North,Apparel,377,93,10,4493,1500,97,1
3580,West,Electronics,269,100,13,1438,1265,73,0
3581,East,Grocery,265,288,4,4660,1855,73,1
3582,West,Electronics,206,321,4,1449,878,70,0
3583,East,Apparel,107,131,13,2593,1070,77,0
3584,East,Electronics,441,479,3,902,754,54,0
3585,North,Apparel,328,199,5,3041,1728,52,1
3586,South,Electronics,487,499,13,3011,1886,96,0
3587,East,Grocery,468,125,9,4311,1612,62,1
3588,East,Grocery,385,563,8,4382,1202,96,1
3589,North,Grocery,242,442,5,2786,1350,57,1
3590,West,Electronics,271,330,10,3074,859,88,1
3591,East,Apparel,91,245,5,215,1727,45,1
3592,South,Electronics,123,310,9,1457,1900,43,1
3593,North,Electronics,197,447,1,3456,548,47,1
3594,North,Grocery,443,181,11,3681,804,77,0
3595,North,Apparel,261,108,8,2623,1044,91,1
3596,North,Grocery,449,152,2,885,1184,42,1
3597,South,Electronics,50,32,1,4456,1221,77,0
3598,West,Electronics,375,73,2,3443,1175,58,1
3599,South,Apparel,56,392,3,4500,1728,45,0
3600,North,Apparel,205,598,13,850,695,45,0
3601,North,Apparel,50,229,7,2595,1045,88,1
3602,North,Apparel,341,274,5,4682,1080,63,0
3603,West,Electronics,64,377,14,1073,1005,58,0
3604,South,Grocery,381,214,11,1396,1583,97,0
3605,West,Grocery,150,96,5,913,552,54,1
3606,North,Apparel,226,201,6,1113,1775,68,1
3607,South,Electronics,154,559,4,3632,1527,55,0
3608,South,Apparel,436,459,9,3448,803,82,1
3609,South,Grocery,58,412,14,1034,808,53,0
3610,South,Electronics,172,223,7,3504,1760,89,1
3611,North,Grocery,63,135,3,1155,1176,46,0
3612,South,Grocery,271,101,9,528,1946,88,1
3613,South,Grocery,452,255,13,3733,1989,86,0
3614,South,Grocery,240,550,9,3552,872,85,1
3615,West,Apparel,100,127,7,890,536,55,0
3616,East,Electronics,156,209,2,1154,1355,62,1
3617,North,Electronics,93,550,4,4059,1044,78,0
3618,East,Electronics,247,473,7,2828,1545,71,1
3619,East,Apparel,480,523,9,4886,610,43,0
3620,North,Grocery,391,233,12,1448,978,75,0
3621,East,Apparel,226,361,12,1729,1394,89,0
3622,East,Apparel,198,458,12,3768,1573,43,0
3623,South,Apparel,359,497,1,1432,501,65,1
3624,East,Electronics,248,158,6,4486,1595,43,1
3625,East,Apparel,325,406,3,3259,1294,75,1
3626,West,Grocery,445,496,9,4966,1205,79,1
3627,South,Grocery,406,108,6,3851,1146,48,1
3628,South,Grocery,148,354,5,1300,861,79,1
3629,North,Grocery,269,306,11,903,1895,42,0
3630,North,Electronics,275,117,1,1794,1471,40,1
3631,South,Grocery,469,488,1,2429,1286,87,1
3632,West,Grocery,332,103,1,3114,1180,56,1
3633,South,Apparel,122,130,12,4767,753,87,0
3634,North,Apparel,489,444,14,3157,1976,51,0
3635,East,Electronics,173,356,8,4508,1024,56,1
3636,East,Electronics,494,595,6,3289,1193,97,0
3637,East,Grocery,215,159,9,4108,547,98,1
3638,West,Grocery,253,261,9,4138,1242,47,1
3639,West,Electronics,380,79,6,3028,866,96,1
3640,East,Apparel,233,99,7,1143,1602,77,1
3641,West,Electronics,89,370,6,2447,1981,67,0
3642,South,Grocery,415,484,6,2665,556,71,1
3643,East,Grocery,480,493,10,3039,1769,46,1
3644,West,Electronics,206,350,1,4048,727,93,0
3645,South,Grocery,151,423,5,1170,1962,95,1
3646,South,Apparel,138,174,13,1683,1452,92,0
3647,West,Apparel,61,238,11,3887,986,80,0
3648,South,Apparel,364,477,1,629,1640,97,1
3649,North,Grocery,490,516,4,1570,1365,80,0
3650,West,Grocery,365,557,5,879,1140,44,1
3651,South,Grocery,93,316,2,4815,1386,66,1
3652,North,Apparel,93,483,10,3614,979,83,1
3653,West,Electronics,341,492,11,1410,1805,87,0
3654,East,Apparel,127,221,9,1116,1052,76,1
3655,North,Grocery,101,574,6,4205,786,45,0
3656,East,Electronics,334,119,2,4380,988,54,1
3657,East,Apparel,426,110,3,593,1891,61,0
3658,South,Electronics,337,265,1,3842,918,52,0
3659,East,Apparel,445,154,10,3595,1577,84,1
3660,South,Grocery,452,63,2,2808,1268,46,1
3661,West,Apparel,117,513,4,3516,1449,63,1
3662,North,Grocery,396,521,7,217,649,41,0
3663,East,Electronics,285,151,11,4526,549,85,0
3664,West,Apparel,493,174,6,4277,1308,87,1
3665,South,Apparel,106,65,6,2402,1234,65,0
3666,North,Grocery,456,370,14,2942,1328,94,0
3667,South,Electronics,320,325,3,2024,1925,49,0
3668,East,Electronics,411,382,4,2226,539,57,0
3669,West,Electronics,98,206,9,1708,1507,77,1
3670,West,Electronics,152,552,6,1366,1147,51,1
3671,West,Electronics,340,252,8,2734,533,40,0
3672,West,Grocery,488,520,9,1994,1382,78,1
3673,West,Electronics,119,35,13,574,775,67,0
3674,North,Grocery,423,455,5,2285,794,91,1
3675,West,Electronics,130,538,7,2401,922,69,1
3676,North,Grocery,178,313,10,2821,1957,88,1
3677,North,Grocery,476,385,7,3519,759,64,0
3678,West,Apparel,420,42,8,3268,1750,44,0
3679,North,Grocery,332,165,1,4139,1729,95,1
3680,West,Apparel,55,289,2,4806,1633,42,1
3681,North,Grocery,64,186,8,2111,989,78,0
3682,South,Apparel,462,327,11,2825,777,95,0
3683,East,Electronics,451,228,12,4928,861,54,0
3684,West,Apparel,463,186,6,2057,1484,42,0
3685,South,Grocery,473,577,7,4767,838,44,0
3686,South,Apparel,171,349,6,3913,708,97,1
3687,West,Grocery,414,537,2,1474,1695,96,0
3688,North,Electronics,456,293,3,3690,866,67,0
3689,South,Grocery,105,136,8,2537,877,97,1
3690,East,Electronics,336,497,1,4476,539,43,0
3691,South,Grocery,283,329,3,4970,1687,65,1
3692,East,Apparel,262,125,8,420,1469,43,0
3693,East,Grocery,437,438,3,1289,1671,73,1
3694,East,Apparel,146,575,10,242,1075,75,0
3695,East,Apparel,138,58,6,3822,1352,57,1
3696,North,Electronics,480,582,12,317,1517,65,0
3697,West,Grocery,408,193,2,4904,790,70,1
3698,North,Electronics,359,378,10,4944,886,62,1
3699,South,Electronics,183,510,10,705,1172,85,1
3700,South,Grocery,130,105,14,4791,1676,68,0
3701,South,Electronics,329,259,6,3176,1160,84,0
3702,West,Grocery,399,567,14,4622,1357,80,0
3703,West,Grocery,366,163,11,2997,1918,63,0
3704,South,Grocery,497,98,3,3871,1186,51,1
3705,South,Electronics,116,337,4,4702,1653,91,1
3706,East,Electronics,175,595,9,2433,1415,49,1
3707,East,Grocery,345,547,9,2485,1161,80,1
3708,North,Apparel,498,409,11,2358,713,49,0
3709,West,Electronics,445,74,12,3838,1068,65,0
3710,East,Grocery,162,212,8,3209,1517,61,0
3711,East,Grocery,282,496,6,4650,1720,45,1
3712,South,Apparel,83,208,5,3663,597,43,1
3713,East,Apparel,497,526,11,1895,736,47,0
3714,East,Grocery,486,166,8,1114,1272,51,1
3715,North,Electronics,445,551,3,2218,1474,44,0
3716,East,Grocery,369,386,12,3370,1086,60,0
3717,South,Grocery,312,310,6,1264,1565,50,1
3718,North,Apparel,173,105,5,3414,1180,58,1
3719,West,Electronics,264,154,5,4062,739,66,1
3720,North,Grocery,272,403,4,3775,1031,49,1
3721,East,Apparel,464,389,7,4506,1371,78,0
3722,South,Apparel,280,221,1,4687,809,58,1
3723,East,Apparel,209,388,2,3005,1451,89,1
3724,West,Electronics,138,37,8,4696,892,65,1
3725,West,Grocery,384,198,8,2897,1549,85,1
3726,South,Apparel,333,105,7,4729,662,93,1
3727,North,Apparel,470,192,7,1329,1162,41,0
3728,East,Electronics,154,528,1,2462,1671,75,1
3729,North,Apparel,54,82,4,3945,820,50,1
3730,West,Grocery,351,79,7,4814,1122,49,1
3731,North,Electronics,146,300,7,4199,1493,93,1
3732,East,Grocery,212,526,13,1428,1761,67,0
3733,South,Grocery,360,583,13,2995,1669,92,0
3734,South,Electronics,447,446,12,3886,1442,99,0
3735,East,Grocery,248,385,5,4832,1682,54,1
3736,East,Electronics,495,105,7,2446,1618,85,1
3737,North,Apparel,85,365,10,304,1039,92,1
3738,East,Apparel,280,315,11,1715,760,72,0
3739,North,Electronics,335,105,3,4026,1382,41,1
3740,West,Apparel,117,247,10,3208,1344,93,1
3741,North,Electronics,141,277,3,2594,1709,46,1
3742,West,Apparel,235,373,3,3751,1502,83,1
3743,East,Grocery,168,110,9,1588,1617,99,1
3744,West,Apparel,277,314,11,3261,1443,65,0
3745,North,Apparel,209,391,7,262,1654,95,1
3746,East,Grocery,108,126,14,951,571,53,0
3747,West,Apparel,341,239,5,3214,539,84,1
3748,East,Apparel,158,554,10,3862,1376,95,1
3749,South,Grocery,170,539,7,1732,1551,88,1
3750,South,Grocery,154,289,5,3629,1983,96,0
3751,North,Apparel,355,236,5,1393,1103,53,1
3752,North,Apparel,202,519,1,3841,1003,76,1
3753,West,Apparel,293,328,1,1995,597,60,1
3754,West,Apparel,117,569,2,2087,1640,83,0
3755,North,Grocery,420,561,7,2158,1859,46,0
3756,South,Grocery,229,484,8,3676,755,63,1
3757,East,Apparel,428,374,8,2708,623,93,0
3758,South,Apparel,458,281,3,3886,540,52,1
3759,East,Grocery,84,194,8,564,1258,65,1
3760,West,Electronics,275,420,4,3905,1517,81,1
3761,West,Electronics,118,498,10,1316,1273,73,1
3762,West,Electronics,357,551,5,4623,1997,44,1
3763,South,Grocery,148,342,7,3400,1180,82,0
3764,East,Grocery,430,161,4,3994,1324,92,1
3765,South,Apparel,368,80,4,295,1266,94,0
3766,South,Grocery,286,161,12,533,1028,86,0
3767,East,Grocery,346,63,5,1987,1513,81,0
3768,East,Electronics,147,418,4,689,1458,73,1
3769,West,Apparel,478,299,3,2094,1829,86,0
3770,West,Electronics,430,373,6,2921,1766,57,0
3771,West,Apparel,110,84,10,4237,1497,56,1
3772,South,Electronics,161,117,6,2466,649,65,0
3773,North,Apparel,429,295,10,1901,1670,80,1
3774,West,Apparel,189,330,14,4196,1089,90,0
3775,East,Grocery,489,366,3,549,778,45,1
3776,South,Apparel,62,533,12,3955,1593,58,0
3777,South,Grocery,82,235,9,2532,1177,98,1
3778,South,Apparel,499,298,7,1289,1342,71,1
3779,East,Apparel,483,47,14,1496,683,93,0
3780,East,Apparel,488,227,10,1969,1559,60,1
3781,North,Grocery,229,584,14,2807,848,92,0
3782,West,Electronics,146,202,4,460,1893,73,1
3783,North,Electronics,487,141,9,994,1207,88,1
3784,North,Apparel,190,177,7,4842,1406,51,1
3785,West,Grocery,129,90,4,3319,1376,93,1
3786,East,Apparel,300,327,13,1251,1958,74,0
3787,North,Electronics,484,494,13,921,1455,60,0
3788,North,Apparel,286,321,4,2271,890,47,0
3789,South,Apparel,439,152,7,624,1926,99,1
3790,East,Electronics,325,295,2,275,1286,51,0
3791,West,Electronics,253,44,10,1372,1397,80,0
3792,North,Grocery,220,558,1,4539,1704,53,0
3793,North,Electronics,73,84,5,1165,1290,71,0
3794,South,Grocery,125,249,3,1316,1186,89,1
3795,South,Grocery,466,48,6,3412,715,69,0
3796,South,Electronics,83,388,7,2955,789,66,1
3797,East,Apparel,244,484,8,2905,1622,43,0
3798,South,Grocery,207,563,2,2226,1930,68,0
3799,West,Electronics,146,172,12,904,1489,57,0
3800,East,Apparel,474,389,2,860,1531,89,0
3801,South,Electronics,102,395,6,3553,1220,67,0
3802,South,Grocery,403,273,8,4645,1072,77,1
3803,East,Grocery,378,213,10,1959,1333,82,1
3804,South,Electronics,412,561,2,3320,1371,75,0
3805,South,Apparel,352,563,12,571,1040,75,0
3806,West,Grocery,196,574,10,1182,1057,79,1
3807,East,Grocery,285,313,10,4032,1289,59,1
3808,East,Grocery,498,77,6,2106,1660,89,0
3809,South,Grocery,283,398,12,2727,902,71,0
3810,West,Grocery,234,218,9,4231,510,64,0
3811,West,Apparel,373,291,10,1934,1553,59,1
3812,West,Electronics,375,565,9,3471,1520,78,1
3813,North,Apparel,352,534,8,1357,1627,54,1
3814,East,Apparel,312,576,11,3216,1906,91,0
3815,West,Apparel,84,126,2,2318,550,91,1
3816,East,Apparel,148,307,5,225,806,58,1
3817,North,Apparel,388,83,9,2577,910,50,1
3818,East,Apparel,185,291,5,3382,808,87,1
3819,South,Grocery,285,164,14,1055,1054,53,0
3820,West,Grocery,436,212,7,1980,1845,45,1
3821,South,Grocery,238,553,2,4054,1666,40,1
3822,West,Apparel,406,305,7,2591,1470,84,0
3823,West,Electronics,226,327,13,4105,1399,40,0
3824,West,Electronics,280,110,8,1841,1886,73,1
3825,South,Apparel,256,261,7,1311,726,86,1
3826,North,Grocery,411,573,6,1944,1666,54,0
3827,South,Grocery,172,61,5,1924,623,96,1
3828,East,Electronics,224,355,8,4200,525,44,1
3829,East,Grocery,400,100,1,4169,1195,53,0
3830,North,Apparel,366,298,8,1708,1500,51,1
3831,North,Apparel,475,166,12,3926,1616,61,0
3832,East,Electronics,246,125,7,3632,1152,64,0
3833,South,Apparel,341,312,2,2737,1998,85,1
3834,East,Apparel,210,196,7,716,1820,67,1
3835,West,Grocery,57,321,4,3857,1907,55,1
3836,East,Grocery,239,442,14,4893,561,66,0
3837,West,Grocery,95,90,14,2415,790,43,0
3838,West,Grocery,486,418,7,4164,1191,42,1
3839,North,Electronics,315,563,10,790,1414,74,0
3840,South,Electronics,401,350,11,1566,897,61,0
3841,North,Grocery,366,505,10,670,1887,92,1
3842,South,Electronics,50,72,12,529,654,83,0
3843,West,Apparel,206,450,14,1476,828,52,0
3844,West,Electronics,190,208,3,4371,1230,48,1
3845,East,Apparel,220,497,13,4637,729,85,0
3846,North,Apparel,450,188,7,3891,1354,56,1
3847,North,Grocery,389,218,1,612,946,41,1
3848,South,Electronics,104,291,8,1600,1056,96,1
3849,West,Electronics,429,78,4,3617,1905,95,1
3850,West,Grocery,283,70,2,3413,1876,94,1
3851,South,Electronics,367,429,12,258,624,66,0
3852,East,Apparel,237,329,4,2566,1180,99,1
3853,East,Apparel,349,281,9,975,673,53,0
3854,North,Grocery,405,496,6,4628,1987,84,1
3855,West,Grocery,71,350,11,3924,1145,66,0
3856,West,Electronics,189,553,13,4796,1656,53,0
3857,North,Apparel,474,584,13,2623,1933,66,0
3858,North,Apparel,298,133,11,1625,1163,46,0
3859,West,Grocery,267,568,1,339,1136,48,0
3860,North,Electronics,131,367,10,701,1616,76,1
3861,West,Grocery,299,37,12,1786,527,99,0
3862,West,Grocery,126,92,2,1391,1244,84,1
3863,East,Apparel,446,589,7,4179,545,78,0
3864,North,Electronics,346,75,13,2846,1824,46,0
3865,North,Grocery,242,113,11,4811,1207,88,0
3866,North,Electronics,73,161,12,702,623,44,0
3867,South,Apparel,209,579,12,927,1709,46,0
3868,South,Electronics,481,453,5,3093,1377,71,0
3869,North,Grocery,315,461,9,2208,1984,55,1
3870,East,Apparel,413,477,4,2273,863,56,1
3871,West,Grocery,415,113,2,478,719,60,1
3872,North,Grocery,192,93,1,3849,1588,69,0
3873,East,Grocery,388,136,13,3681,1487,74,0
3874,East,Electronics,455,313,1,3275,1251,78,0
3875,East,Grocery,110,222,14,2468,813,41,0
3876,West,Apparel,346,40,6,3046,1781,84,1
3877,West,Electronics,289,328,8,3987,1056,96,1
3878,West,Apparel,72,441,10,625,1869,49,0
3879,West,Apparel,61,402,14,3275,1179,56,0
3880,South,Electronics,391,153,8,2635,1016,86,0
3881,North,Electronics,272,402,3,3452,1375,82,0
3882,South,Grocery,465,251,14,647,1864,52,0
3883,East,Electronics,175,260,1,503,1115,98,0
3884,South,Electronics,64,231,9,4958,1139,61,1
3885,South,Apparel,191,324,13,1994,873,62,0
3886,West,Grocery,400,37,4,1993,966,53,1
3887,South,Grocery,63,522,11,3070,648,40,0
3888,North,Grocery,292,578,11,3242,707,56,0
3889,South,Apparel,143,456,5,672,707,94,1
3890,North,Grocery,465,582,2,4529,1852,98,1
3891,North,Apparel,329,465,5,1008,931,43,1
3892,North,Electronics,276,332,9,1908,1843,65,0
3893,West,Electronics,375,457,1,2620,966,91,0
3894,North,Apparel,200,373,14,492,1377,63,0
3895,North,Apparel,434,513,9,4139,696,67,1
3896,East,Electronics,75,76,6,2212,835,85,1
3897,West,Electronics,201,554,1,3760,739,72,0
3898,North,Apparel,269,325,12,2264,1091,65,0
3899,South,Electronics,400,342,8,2176,1064,56,0
3900,East,Grocery,407,594,13,3811,916,69,0
3901,East,Grocery,194,59,13,3250,1529,78,0
3902,West,Grocery,283,317,7,1159,1524,83,0
3903,South,Electronics,429,107,12,312,871,88,0
3904,East,Electronics,407,72,8,4377,1734,75,0
3905,West,Electronics,81,44,5,2408,1774,65,1
3906,South,Apparel,234,125,13,574,986,85,0
3907,South,Apparel,199,254,2,319,710,91,0
3908,East,Grocery,103,573,1,4956,1623,41,1
3909,South,Apparel,415,447,1,2332,834,90,1
3910,South,Grocery,413,426,14,950,1073,43,0
3911,West,Apparel,320,132,8,2854,1526,58,0
3912,North,Grocery,487,532,13,4608,1570,81,0
3913,West,Electronics,275,38,11,3169,1922,43,0
3914,South,Apparel,199,37,5,999,1855,66,1
3915,South,Electronics,132,231,3,2545,1262,93,1
3916,North,Grocery,299,574,4,4287,1144,71,1
3917,East,Grocery,177,380,8,412,1199,67,1
3918,West,Electronics,194,507,5,2029,1372,42,1
3919,South,Grocery,307,98,8,1821,1793,85,1
3920,West,Electronics,293,512,11,4031,738,75,0
3921,East,Grocery,338,124,12,3122,854,88,0
3922,South,Apparel,226,274,12,4257,1432,48,0
3923,South,Grocery,217,439,10,2378,632,97,1
3924,East,Electronics,375,518,5,1830,552,88,1
3925,South,Electronics,336,342,13,308,1668,57,0
3926,West,Electronics,469,404,10,1262,871,52,1
3927,South,Electronics,395,86,5,3550,629,41,1
3928,West,Apparel,387,184,1,4516,1541,69,1
3929,South,Grocery,334,488,3,2155,1229,73,1
3930,North,Grocery,470,528,12,2500,1722,77,0
3931,West,Electronics,388,225,14,3006,782,58,0
3932,South,Apparel,395,352,11,403,1171,72,0
3933,East,Electronics,452,439,5,3606,1700,78,0
3934,North,Electronics,133,92,8,1966,1502,83,0
3935,North,Electronics,418,405,7,1381,1573,82,1
3936,North,Apparel,227,338,4,2553,1223,85,1
3937,South,Apparel,174,278,13,2862,960,90,0
3938,South,Electronics,217,206,8,3177,891,55,0
3939,East,Electronics,253,412,13,2585,873,78,0
3940,East,Grocery,158,223,11,1650,1907,96,0
3941,West,Apparel,376,183,10,4937,1910,74,1
3942,North,Grocery,109,534,10,1947,1076,63,0
3943,West,Electronics,380,407,2,4190,1174,64,1
3944,South,Electronics,311,108,7,3627,906,61,0
3945,North,Grocery,181,382,11,3754,1147,48,0
3946,South,Electronics,75,566,4,2986,1477,47,1
3947,South,Electronics,124,428,5,726,1131,46,0
3948,East,Apparel,80,290,11,2648,1796,54,0
3949,East,Electronics,392,318,9,4901,638,45,0
3950,West,Apparel,483,301,12,1348,978,73,0
3951,South,Apparel,402,221,11,4544,1108,50,0
3952,West,Electronics,364,407,4,1154,1712,54,1
3953,East,Grocery,131,258,2,4477,624,91,0
3954,South,Grocery,384,337,3,3029,900,75,1
3955,North,Grocery,346,560,13,2238,643,50,0
3956,East,Electronics,53,155,9,352,1214,53,1
3957,South,Apparel,483,241,9,1250,1401,92,1
3958,West,Apparel,68,290,6,1699,1561,81,0
3959,East,Grocery,264,448,1,1086,1975,79,1
3960,South,Electronics,152,133,14,2737,1396,83,0
3961,North,Grocery,304,406,7,872,1272,98,1
3962,West,Electronics,455,428,7,3911,1007,63,1
3963,West,Apparel,206,217,13,1083,1861,50,0
3964,South,Electronics,388,162,11,2595,1317,72,0
3965,West,Grocery,408,203,1,2506,530,94,1
3966,West,Apparel,101,253,6,877,880,51,0
3967,North,Apparel,317,466,12,535,1803,93,0
3968,North,Apparel,132,567,13,1793,1011,44,0
3969,East,Apparel,410,160,13,208,1517,93,0
3970,South,Apparel,390,189,1,4756,791,82,0
3971,West,Grocery,427,153,3,4160,722,50,1
3972,South,Electronics,490,560,8,4730,1485,45,1
3973,North,Electronics,352,448,6,1039,1429,98,1
3974,West,Apparel,123,283,11,4205,908,46,0
3975,North,Grocery,270,278,11,3156,1843,98,0
3976,South,Electronics,128,338,5,3709,1701,58,0
3977,East,Apparel,349,500,9,2245,757,71,1
3978,South,Electronics,344,298,6,4174,1434,48,1
3979,East,Apparel,170,164,6,3554,654,50,0
3980,West,Grocery,302,97,8,4363,943,48,1
3981,West,Electronics,356,538,10,1156,1692,45,1
3982,North,Electronics,444,437,13,2539,1132,80,0
3983,West,Apparel,452,119,10,4371,1657,50,0
3984,East,Apparel,119,383,4,794,1760,67,0
3985,North,Grocery,114,246,4,3983,1202,90,1
3986,South,Apparel,196,148,4,1026,1303,54,1
3987,West,Electronics,254,384,1,4147,1928,48,1
3988,East,Electronics,95,158,10,990,1232,54,1
3989,North,Apparel,476,207,1,1132,1942,83,1
3990,South,Apparel,495,446,11,4049,1512,43,0
3991,East,Apparel,58,302,4,2606,1576,70,0
3992,West,Apparel,302,102,5,3171,539,64,0
3993,North,Electronics,292,74,4,4239,1439,59,1
3994,South,Apparel,100,577,2,3811,705,62,1
3995,West,Electronics,177,429,7,1855,687,83,0
3996,South,Electronics,193,304,10,4563,1052,76,1
3997,West,Grocery,206,326,8,2437,989,97,1
3998,West,Apparel,210,394,8,2490,1546,90,1
3999,South,Grocery,253,295,9,2585,1872,54,0
4000,East,Electronics,53,514,2,3983,1511,98,1
4001,East,Apparel,136,44,11,1451,1949,65,0
4002,North,Grocery,278,436,14,786,1662,94,0
4003,East,Electronics,231,547,2,1271,578,95,1
4004,East,Apparel,462,262,13,3194,597,49,0
4005,North,Apparel,141,264,13,1823,868,98,0
4006,South,Apparel,334,538,13,4529,608,99,0
4007,South,Grocery,458,398,4,2412,1465,50,0
4008,East,Electronics,134,452,7,1265,1947,56,0
4009,East,Electronics,186,509,8,4301,1573,88,1
4010,East,Apparel,448,386,12,2484,1915,86,0
4011,South,Grocery,240,220,7,825,1933,70,1
4012,South,Apparel,399,552,5,3462,855,46,0
4013,South,Grocery,211,399,4,4721,1389,41,1
4014,West,Electronics,195,209,7,1774,791,46,1
4015,South,Grocery,456,431,13,4531,1994,49,0
4016,South,Apparel,391,58,13,1920,537,93,0
4017,South,Electronics,433,293,12,698,1107,89,0
4018,West,Apparel,417,74,1,2708,1927,58,0
4019,West,Apparel,276,567,5,2002,1639,49,0
4020,North,Apparel,109,325,1,4065,1372,50,0
4021,West,Grocery,148,542,11,781,778,57,0
4022,West,Electronics,75,367,12,637,1551,88,0
4023,North,Electronics,308,423,2,3261,1612,87,1
4024,East,Apparel,273,313,8,3082,1651,64,1
4025,East,Grocery,193,278,8,4510,1738,70,1
4026,North,Electronics,448,433,8,1920,1538,48,1
4027,East,Electronics,414,597,12,4266,1891,51,0
4028,North,Grocery,59,372,10,521,1190,75,0
4029,East,Electronics,205,533,3,3275,962,79,1
4030,South,Electronics,472,442,3,1102,1818,87,1
4031,North,Electronics,413,526,6,3640,1585,88,1
4032,South,Apparel,462,483,13,626,1967,46,0
4033,South,Electronics,344,336,7,4760,1223,58,1
4034,East,Electronics,198,304,4,1753,1803,54,1
4035,East,Grocery,82,328,10,4166,1674,73,1
4036,North,Grocery,158,452,9,462,1788,52,1
4037,South,Grocery,271,425,7,3999,1618,56,1
4038,South,Grocery,142,404,5,2108,1556,80,1
4039,South,Apparel,165,500,8,2372,1057,93,1
4040,East,Electronics,82,127,2,2310,1127,54,1
4041,South,Apparel,468,271,11,3513,1858,69,0
4042,South,Electronics,112,508,9,1811,601,56,1
4043,East,Grocery,334,548,1,262,1755,70,1
4044,South,Grocery,132,337,11,3866,1596,63,0
4045,North,Electronics,217,80,5,3524,1903,50,1
4046,South,Electronics,297,301,11,4830,1214,48,0
4047,South,Apparel,236,587,10,3646,1827,78,0
4048,South,Grocery,436,260,8,1467,1946,60,1
4049,South,Electronics,145,204,11,1073,1115,50,0
4050,South,Apparel,450,509,11,866,1839,40,0
4051,East,Electronics,338,455,5,905,1906,60,0
4052,South,Apparel,254,246,10,3772,652,63,0
4053,West,Electronics,295,196,6,1408,1024,62,1
4054,North,Grocery,495,544,6,4037,1603,82,1
4055,East,Grocery,484,574,12,3469,756,82,0
4056,East,Grocery,288,254,2,314,716,77,1
4057,West,Grocery,273,527,11,3988,707,97,0
4058,South,Apparel,427,570,14,3506,1818,44,0
4059,West,Apparel,499,532,12,2914,1894,90,0
4060,South,Electronics,72,163,1,2772,542,67,1
4061,West,Electronics,88,419,13,2579,1205,43,0
4062,East,Electronics,84,440,8,3401,539,70,0
4063,West,Grocery,319,152,11,4353,1394,95,0
4064,North,Apparel,256,556,4,251,909,49,1
4065,South,Grocery,50,398,1,2999,1639,79,0
4066,South,Grocery,351,429,9,4354,1749,64,1
4067,West,Apparel,157,398,7,2700,1618,60,1
4068,South,Electronics,220,56,11,4971,1463,91,0
4069,East,Apparel,74,167,7,3073,1597,43,1
4070,South,Grocery,120,336,2,1130,611,95,1
4071,West,Electronics,159,120,9,3574,649,95,1
4072,South,Electronics,324,418,14,3317,1414,49,0
4073,West,Electronics,54,143,12,2944,1104,73,0
4074,East,Grocery,374,170,8,3927,838,56,1
4075,North,Apparel,324,327,5,4137,519,42,1
4076,South,Grocery,438,244,11,421,733,41,0
4077,West,Electronics,212,570,10,3505,710,72,0
4078,North,Electronics,448,379,9,470,698,87,0
4079,East,Electronics,54,594,4,2745,1240,63,1
4080,South,Apparel,224,70,7,3185,1301,66,1
4081,East,Grocery,322,426,13,4250,930,79,0
4082,North,Apparel,496,416,13,2012,1856,51,0
4083,East,Electronics,217,497,13,2362,670,59,0
4084,South,Grocery,392,381,10,3881,1256,78,1
4085,West,Grocery,420,124,14,1159,825,99,0
4086,East,Grocery,269,392,4,2642,1188,88,0
4087,West,Electronics,74,433,1,3237,1166,77,1
4088,North,Electronics,250,211,8,4373,1143,64,1
4089,South,Apparel,429,222,5,1135,988,85,1
4090,East,Grocery,464,450,8,2756,746,51,0
4091,South,Grocery,99,52,2,4697,1231,96,0
4092,North,Electronics,336,289,13,3779,1713,77,0
4093,South,Grocery,465,210,7,1910,1840,52,1
4094,North,Apparel,392,519,5,1169,751,67,1
4095,East,Electronics,152,428,7,3544,1909,78,0
4096,North,Grocery,301,39,1,1362,690,60,0
4097,North,Apparel,307,283,2,4670,1288,47,0
4098,West,Apparel,315,474,2,4119,1990,66,1
4099,East,Apparel,151,99,14,4111,1019,75,0
4100,West,Apparel,443,264,2,1390,1608,59,1
4101,South,Grocery,56,422,2,2876,1086,44,1
4102,East,Grocery,119,412,1,1912,1380,76,1
4103,West,Electronics,371,266,11,2232,1547,80,0
4104,North,Electronics,414,67,10,806,788,66,1
4105,East,Grocery,279,278,4,2195,1514,86,1
4106,West,Grocery,95,119,14,2807,825,58,0
4107,South,Grocery,437,163,10,640,1193,40,0
4108,South,Grocery,159,71,1,448,637,42,1
4109,East,Electronics,178,183,14,4680,1720,42,0
4110,West,Electronics,365,461,5,2130,1517,79,1
4111,West,Electronics,228,323,7,1099,1744,82,0
4112,West,Apparel,453,103,4,4068,1120,57,1
4113,East,Apparel,163,529,12,4902,577,64,0
4114,North,Apparel,265,293,9,3416,1990,41,0
4115,West,Apparel,205,176,14,758,715,82,0
4116,East,Grocery,240,171,12,3089,983,98,0
4117,South,Electronics,453,79,6,3428,761,76,1
4118,North,Grocery,363,286,3,4440,1079,53,1
4119,East,Electronics,258,475,13,4200,822,80,0
4120,East,Grocery,227,555,10,1942,1438,76,1
4121,North,Electronics,469,450,13,478,1228,47,0
4122,West,Apparel,132,260,14,1454,1013,63,0
4123,West,Apparel,412,510,13,892,1124,63,0
4124,North,Grocery,109,387,10,4539,583,88,1
4125,East,Apparel,338,36,6,4608,633,45,1
4126,East,Electronics,498,582,1,949,760,46,0
4127,South,Apparel,424,35,4,1777,1666,42,1
4128,South,Apparel,385,139,5,2890,1963,78,0
4129,West,Grocery,404,116,5,3896,526,80,1
4130,West,Apparel,326,499,5,3580,887,86,1
4131,North,Grocery,295,565,5,3631,1420,68,0
4132,South,Apparel,304,524,6,3057,1360,90,1
4133,East,Electronics,72,245,5,883,1312,48,1
4134,North,Grocery,478,425,10,1106,1147,99,0
4135,East,Apparel,224,347,12,1498,616,72,0
4136,West,Electronics,408,311,5,2918,694,54,0
4137,North,Grocery,250,153,8,4099,1396,83,1
4138,North,Grocery,396,75,14,1893,1980,67,0
4139,North,Apparel,170,466,3,773,653,91,1
4140,South,Grocery,137,542,7,3270,675,45,1
4141,East,Apparel,390,593,9,1824,1545,48,1
4142,North,Electronics,166,433,14,3458,628,56,0
4143,South,Apparel,380,475,14,3081,1401,47,0
4144,South,Grocery,203,586,2,3485,664,78,0
4145,North,Electronics,470,462,6,1928,884,89,0
4146,North,Apparel,477,136,14,454,1253,83,0
4147,East,Electronics,347,357,1,3452,1277,91,1
4148,North,Grocery,315,435,9,2131,1851,56,0
4149,South,Electronics,424,425,6,2352,1022,41,1
4150,North,Electronics,286,50,3,2771,1366,56,1
4151,West,Apparel,221,158,11,1260,612,51,0
4152,South,Apparel,94,301,7,4941,623,74,1
4153,West,Electronics,339,202,11,1644,1346,95,0
4154,West,Electronics,198,266,3,901,1787,60,1
4155,West,Electronics,341,93,1,803,1746,63,1
4156,West,Electronics,206,175,13,4628,1799,59,0
4157,North,Electronics,344,35,2,935,1737,97,1
4158,North,Apparel,223,199,9,3550,1197,55,1
4159,West,Apparel,464,186,5,539,1964,97,1
4160,East,Apparel,291,277,7,3812,1027,94,0
4161,East,Electronics,384,156,14,2658,935,67,0
4162,South,Apparel,195,360,10,3739,1373,55,1
4163,East,Electronics,409,542,1,3027,1388,41,0
4164,West,Grocery,481,120,12,2314,1426,47,0
4165,West,Grocery,70,488,4,4899,1979,43,0
4166,West,Grocery,299,69,14,2698,1150,85,0
4167,South,Grocery,70,281,13,1186,1540,51,0
4168,North,Apparel,301,225,5,2362,1528,87,0
4169,West,Electronics,270,121,8,4915,1509,93,1
4170,East,Electronics,194,259,12,3178,603,65,0
4171,South,Grocery,204,368,4,1217,1834,63,1
4172,East,Apparel,478,57,13,352,685,60,0
4173,South,Grocery,480,421,14,3644,1003,89,0
4174,North,Apparel,190,165,10,4426,1498,98,1
4175,West,Apparel,448,273,9,491,849,69,0
4176,East,Grocery,338,509,11,4663,1791,46,0
4177,South,Grocery,430,33,12,2230,1459,95,0
4178,North,Grocery,166,517,9,744,929,92,0
4179,South,Apparel,263,597,4,1270,837,84,0
4180,West,Apparel,295,185,14,4828,864,96,0
4181,East,Apparel,425,99,5,4664,1427,78,0
4182,South,Grocery,124,558,7,1056,1054,44,1
4183,West,Grocery,268,76,7,1540,515,45,1
4184,South,Apparel,202,413,5,322,1831,90,0
4185,West,Grocery,56,528,2,1300,864,84,0
4186,North,Grocery,496,392,13,1316,1979,70,0
4187,North,Grocery,145,111,5,2421,1297,96,1
4188,West,Apparel,379,82,9,3362,1902,89,0
4189,West,Apparel,472,356,8,4505,1161,80,1
4190,East,Grocery,72,218,8,3750,516,73,1
4191,North,Grocery,352,286,5,2296,575,61,1
4192,South,Grocery,150,518,2,1745,1454,94,1
4193,North,Electronics,202,328,5,1198,599,97,1
4194,North,Grocery,304,418,5,688,606,51,1
4195,West,Apparel,103,529,3,1556,1502,48,1
4196,South,Apparel,349,418,4,3788,1403,48,0
4197,East,Electronics,118,196,2,4808,1629,81,1
4198,East,Apparel,281,555,7,1797,1633,78,1
4199,West,Apparel,80,478,5,995,1050,74,1
4200,North,Grocery,146,375,13,2702,657,42,0
4201,East,Electronics,274,166,7,1380,1339,83,1
4202,East,Grocery,288,180,1,555,1073,78,0
4203,North,Apparel,455,130,8,460,1735,55,1
4204,South,Apparel,101,211,10,1873,931,83,1
4205,West,Grocery,280,140,9,3398,1942,40,1
4206,East,Grocery,177,594,4,4269,1309,75,1
4207,West,Apparel,156,387,3,1657,1200,76,1
4208,North,Electronics,171,263,9,2495,1613,79,1
4209,East,Apparel,134,303,12,3468,698,80,0
4210,North,Apparel,240,399,14,230,514,52,0
4211,West,Electronics,323,180,13,1516,772,60,0
4212,East,Grocery,396,307,5,2899,1768,63,1
4213,East,Electronics,52,129,11,1843,1795,44,0
4214,West,Apparel,472,202,3,905,997,49,1
4215,South,Electronics,314,40,6,3638,1618,88,1
4216,West,Apparel,320,58,6,4960,1194,71,1
4217,East,Apparel,80,577,9,3009,841,40,1
4218,West,Apparel,170,134,6,2470,822,49,1
4219,East,Electronics,429,140,12,3180,665,68,0
4220,West,Apparel,293,223,9,3352,1718,59,0
4221,South,Apparel,394,342,14,4445,1611,86,0
4222,East,Electronics,305,48,12,3159,1887,51,0
4223,East,Electronics,224,539,14,2348,1227,67,0
4224,East,Electronics,98,281,4,4997,1757,95,1
4225,North,Apparel,430,276,5,1186,1268,52,1
4226,North,Apparel,428,582,13,3977,1940,75,0
4227,West,Grocery,184,162,12,2096,1576,84,0
4228,East,Grocery,179,249,5,4845,1735,98,1
4229,East,Apparel,349,49,11,4106,1088,71,0
4230,South,Grocery,135,509,11,4502,1513,84,0
4231,West,Apparel,378,378,8,3852,1090,45,0
4232,East,Electronics,491,316,10,4354,1707,63,0
4233,North,Electronics,378,377,13,1066,1718,87,0
4234,North,Electronics,231,243,9,4825,678,54,0
4235,West,Apparel,232,562,14,3835,1884,67,0
4236,West,Electronics,320,538,14,1389,1850,99,0
4237,West,Apparel,414,180,12,3533,1766,83,0
4238,East,Electronics,295,419,13,3749,1782,44,0
4239,East,Apparel,308,563,6,478,1298,65,1
4240,South,Grocery,255,291,4,4496,1676,74,1
4241,North,Grocery,248,329,11,3788,1880,62,0
4242,East,Electronics,486,450,1,960,1996,90,0
4243,South,Apparel,167,120,13,4868,1535,66,0
4244,North,Grocery,479,209,5,2334,1723,94,1
4245,West,Grocery,412,158,14,1112,1291,51,0
4246,East,Apparel,229,356,10,723,1116,42,1
4247,North,Apparel,250,68,2,3988,793,77,1
4248,South,Electronics,451,456,2,1497,1717,74,0
4249,East,Grocery,250,274,10,4202,817,77,1
4250,West,Grocery,79,263,7,1704,533,52,1
4251,West,Grocery,111,575,14,1202,1862,82,0
4252,East,Grocery,299,401,11,3318,1358,96,0
4253,West,Grocery,77,95,3,3479,1951,57,0
4254,West,Grocery,247,368,7,3921,1950,60,0
4255,West,Grocery,109,459,3,1345,1790,48,1
4256,South,Electronics,214,426,5,3371,1580,75,1
4257,North,Grocery,372,443,1,2473,1198,49,1
4258,South,Apparel,473,244,10,4212,532,81,1
4259,South,Apparel,172,460,13,2016,1288,59,0
4260,East,Grocery,396,500,1,1574,728,99,1
4261,North,Electronics,449,548,3,4026,1312,42,1
4262,West,Electronics,97,288,11,4917,1176,48,0
4263,South,Apparel,357,344,12,3028,676,74,0
4264,North,Apparel,233,448,14,3453,1705,51,0
4265,South,Grocery,446,47,12,2389,775,66,0
4266,East,Apparel,103,562,5,1330,631,48,1
4267,West,Apparel,475,257,4,4942,1700,46,0
4268,North,Electronics,259,189,6,4465,1378,86,1
4269,North,Apparel,230,550,5,1730,1587,77,0
4270,East,Grocery,95,113,8,329,1159,46,1
4271,West,Grocery,51,354,5,2374,1485,99,0
4272,North,Grocery,302,430,7,314,1566,45,0
4273,North,Electronics,371,289,5,3774,1538,58,1
4274,West,Grocery,150,234,14,2429,562,60,0
4275,West,Grocery,392,325,3,1396,1691,66,0
4276,South,Apparel,122,444,7,4522,614,83,1
4277,North,Grocery,143,437,8,3942,1376,99,0
4278,South,Apparel,264,548,4,2397,1465,99,1
4279,East,Electronics,213,596,7,335,1694,83,0
4280,East,Apparel,472,153,5,4387,1205,49,1
4281,East,Apparel,153,345,10,272,1516,40,1
4282,East,Electronics,163,339,10,3166,1677,86,1
4283,East,Grocery,262,77,13,4068,1439,70,0
4284,South,Grocery,143,587,5,781,1205,67,1
4285,West,Apparel,220,183,2,1458,804,63,1
4286,North,Electronics,143,36,4,4662,1909,57,1
4287,West,Grocery,291,468,4,1459,1936,52,1
4288,East,Apparel,58,526,2,2296,1099,40,0
4289,North,Apparel,384,370,4,637,1418,91,1
4290,West,Electronics,328,338,1,3285,1842,58,1
4291,West,Electronics,314,84,9,4027,1177,86,1
4292,East,Grocery,403,205,14,453,1835,95,0
4293,West,Grocery,56,107,8,1046,743,79,1
4294,South,Grocery,65,381,8,3885,1403,90,1
4295,North,Grocery,252,490,11,1088,1681,95,0
4296,North,Electronics,450,527,7,358,1998,40,1
4297,North,Grocery,455,574,2,1088,843,42,1
4298,East,Electronics,68,83,11,4450,1892,86,0
4299,North,Grocery,308,32,2,2956,1283,61,0
4300,West,Grocery,227,214,11,2638,816,44,0
4301,East,Grocery,484,520,8,752,930,68,1
4302,South,Electronics,444,84,5,4207,585,48,0
4303,West,Electronics,327,198,13,4724,1600,53,0
4304,North,Electronics,221,238,14,338,1106,79,0
4305,East,Grocery,448,116,1,1269,1824,89,0
4306,West,Electronics,366,213,12,2232,1665,89,0
4307,North,Electronics,354,151,2,3735,1576,85,1
4308,North,Apparel,397,332,3,1376,1666,96,1
4309,South,Electronics,159,236,2,2030,974,87,1
4310,West,Apparel,453,496,14,4098,562,57,0
4311,North,Grocery,190,414,7,1828,990,49,1
4312,North,Grocery,172,588,4,4177,1488,76,0
4313,West,Electronics,433,556,14,2153,797,91,0
4314,North,Electronics,164,56,4,3833,1971,71,0
4315,South,Apparel,226,586,5,1099,1257,56,1
4316,West,Electronics,185,574,9,748,1909,97,1
4317,East,Apparel,350,178,12,874,1220,48,0
4318,West,Electronics,176,167,5,663,1124,41,1
4319,North,Electronics,394,405,9,4932,975,45,1
4320,South,Grocery,75,157,1,2086,1260,57,1
4321,East,Electronics,180,310,6,375,683,49,1
4322,East,Electronics,233,375,3,2384,1847,63,1
4323,West,Electronics,131,172,6,2590,601,84,1
4324,West,Apparel,386,289,14,1125,844,40,0
4325,North,Electronics,53,540,11,1138,1514,97,0
4326,West,Electronics,460,105,13,1225,1741,42,0
4327,South,Grocery,421,490,4,2950,914,45,0
4328,West,Electronics,210,270,2,3011,777,98,0
4329,East,Electronics,367,92,4,1824,1370,50,1
4330,East,Electronics,246,83,5,925,1591,47,0
4331,North,Electronics,308,154,8,3182,707,49,1
4332,East,Electronics,146,465,8,3702,1469,60,1
4333,West,Apparel,403,496,7,3265,1787,78,1
4334,South,Apparel,494,406,9,2576,1606,45,0
4335,North,Grocery,203,262,4,4101,845,92,1
4336,East,Electronics,294,178,6,1621,1320,88,1
4337,West,Apparel,55,204,4,210,1665,76,1
4338,West,Electronics,247,469,13,4233,1815,52,0
4339,South,Electronics,479,351,2,3015,1472,54,1
4340,West,Electronics,145,589,13,2211,1079,61,0
4341,North,Apparel,322,96,10,3804,717,58,0
4342,West,Apparel,97,456,6,4986,1838,88,1
4343,West,Apparel,399,475,1,1467,1663,44,1
4344,South,Grocery,197,499,9,2957,611,54,1
4345,North,Grocery,394,201,7,4652,608,97,1
4346,North,Apparel,389,424,12,4338,1621,81,0
4347,East,Grocery,123,292,3,1000,738,53,1
4348,South,Grocery,481,267,12,1254,902,64,0
4349,West,Apparel,279,56,12,3978,1874,76,0
4350,South,Electronics,403,288,9,426,1269,90,0
4351,West,Electronics,286,554,7,1069,1441,92,1
4352,East,Grocery,129,131,5,3769,1064,72,1
4353,North,Apparel,211,63,14,4459,1600,89,0
4354,South,Apparel,336,554,11,281,1601,59,0
4355,West,Apparel,89,527,13,3293,795,40,0
4356,South,Apparel,388,204,11,4801,1096,69,0
4357,North,Grocery,142,509,5,2642,511,56,1
4358,South,Grocery,70,318,8,4916,1060,75,0
4359,South,Apparel,67,105,3,378,928,81,0
4360,North,Apparel,73,300,2,422,1396,74,1
4361,South,Grocery,424,288,5,2636,1969,55,1
4362,West,Grocery,421,451,4,2762,822,68,1
4363,West,Grocery,188,541,5,353,1008,81,1
4364,South,Apparel,392,106,13,352,836,56,0
4365,East,Electronics,221,324,2,1157,1867,97,1
4366,East,Apparel,61,404,8,1177,1801,41,1
4367,East,Electronics,335,274,3,4677,1943,85,1
4368,South,Apparel,343,577,5,4333,1235,78,0
4369,East,Electronics,180,195,9,4612,1011,59,1
4370,North,Grocery,185,246,12,2856,1328,74,0
4371,West,Apparel,106,45,3,4571,1882,44,1
4372,South,Electronics,427,584,6,2511,1661,70,1
4373,West,Apparel,469,577,12,1736,1407,69,0
4374,South,Electronics,490,516,11,3380,593,92,0
4375,West,Electronics,223,151,10,1563,1227,70,1
4376,West,Electronics,391,31,2,3177,713,40,1
4377,South,Electronics,323,483,9,1579,1749,91,0
4378,East,Electronics,420,75,3,922,1525,72,1
4379,South,Electronics,491,360,14,1423,1300,78,0
4380,West,Electronics,183,186,13,3040,1149,87,0
4381,West,Grocery,299,205,5,2502,1564,64,0
4382,South,Electronics,485,346,3,2962,691,77,1
4383,North,Grocery,321,448,11,4858,1428,60,0
4384,West,Grocery,341,312,8,1946,760,93,1
4385,West,Apparel,410,455,8,3453,1845,90,1
4386,West,Grocery,371,425,3,4335,1379,56,1
4387,East,Grocery,199,352,11,3366,1046,49,0
4388,West,Apparel,78,357,11,313,680,62,0
4389,South,Apparel,405,460,12,1069,939,76,0
4390,North,Grocery,110,407,1,2688,1651,46,0
4391,West,Apparel,322,505,3,879,1867,89,1
4392,East,Grocery,330,370,2,4149,1326,98,0
4393,East,Apparel,109,312,6,760,1829,76,1
4394,South,Electronics,466,248,6,1813,1460,74,1
4395,North,Electronics,293,456,12,2644,936,42,0
4396,West,Apparel,386,287,10,1356,1559,81,1
4397,South,Apparel,431,207,4,508,1420,74,1
4398,South,Grocery,181,31,14,4066,990,94,0
4399,West,Electronics,358,214,2,1236,1692,91,1
4400,West,Grocery,475,255,14,764,1323,85,0
4401,East,Electronics,362,580,3,3114,1078,85,0
4402,West,Apparel,301,133,11,1098,1565,70,0
4403,North,Electronics,153,431,7,4654,930,85,1
4404,North,Grocery,110,334,14,482,1469,56,0
4405,South,Apparel,188,169,12,1562,945,77,0
4406,West,Apparel,104,212,13,1128,682,65,0
4407,North,Grocery,342,77,11,4930,1282,65,0
4408,East,Grocery,168,74,12,1953,1492,61,0
4409,South,Apparel,112,173,9,3654,1110,95,0
4410,South,Apparel,267,303,6,229,1042,58,1
4411,South,Apparel,495,581,5,3731,522,71,1
4412,West,Apparel,363,524,5,1819,1695,46,1
4413,East,Apparel,114,419,9,4389,1168,54,1
4414,South,Electronics,223,337,8,4667,1793,63,1
4415,East,Apparel,138,189,8,3408,1457,62,1
4416,North,Electronics,232,597,1,704,1674,43,1
4417,West,Grocery,72,314,1,247,927,63,1
4418,East,Electronics,128,385,10,3643,907,68,0
4419,North,Apparel,391,360,11,3519,1037,77,0
4420,North,Electronics,89,194,1,2324,1368,73,1
4421,West,Electronics,369,355,7,4105,1141,92,1
4422,South,Grocery,62,556,1,589,554,59,0
4423,West,Apparel,136,202,1,4518,1936,64,1
4424,South,Grocery,344,138,10,294,1373,65,1
4425,South,Electronics,83,567,9,3550,1505,52,1
4426,North,Apparel,452,370,9,2546,1849,94,0
4427,East,Electronics,100,75,12,4137,1094,84,0
4428,South,Apparel,87,153,12,2600,1410,83,0
4429,West,Electronics,209,561,7,3277,1344,87,1
4430,South,Apparel,392,41,3,2906,870,99,1
4431,North,Grocery,432,569,7,2179,717,97,0
4432,South,Apparel,200,167,12,1121,1209,49,0
4433,North,Apparel,369,70,1,3727,894,52,1
4434,East,Apparel,324,587,12,2426,1376,98,0
4435,North,Grocery,78,83,13,4067,746,70,0
4436,East,Grocery,231,256,6,2359,1434,98,1
4437,South,Apparel,281,48,6,2028,929,50,0
4438,West,Apparel,474,430,14,4073,1651,82,0
4439,South,Apparel,185,106,14,1212,1937,55,0
4440,South,Grocery,280,137,5,244,643,97,1
4441,North,Grocery,170,330,5,4493,1380,43,1
4442,East,Grocery,394,292,13,2566,1237,77,0
4443,West,Grocery,151,418,9,3952,547,92,1
4444,South,Grocery,281,514,7,455,1956,79,1
4445,West,Electronics,267,363,14,2649,1487,71,0
4446,East,Electronics,155,220,1,478,1297,46,1
4447,South,Electronics,114,307,5,2427,1935,95,1
4448,West,Electronics,448,374,14,669,1841,78,0
4449,East,Electronics,81,529,6,4472,925,48,1
4450,West,Electronics,374,374,3,2466,1598,98,0
4451,North,Grocery,129,598,4,1045,1206,52,1
4452,South,Grocery,427,309,10,2642,1304,90,1
4453,North,Apparel,460,139,7,3070,1783,54,1
4454,North,Apparel,368,291,3,2629,633,56,1
4455,West,Apparel,103,88,3,3430,1120,44,1
4456,West,Electronics,361,501,13,3698,1167,54,0
4457,East,Electronics,283,557,6,294,1631,68,1
4458,South,Apparel,221,421,11,861,1772,58,0
4459,North,Apparel,131,503,6,698,1359,88,1
4460,West,Apparel,81,358,14,1143,1753,41,0
4461,West,Apparel,494,198,14,2818,838,60,0
4462,East,Electronics,368,363,14,4858,1103,41,0
4463,East,Apparel,64,99,14,2773,1647,77,0
4464,South,Electronics,61,257,10,1094,1525,53,1
4465,South,Electronics,120,81,5,4955,1055,48,1
4466,North,Electronics,273,217,10,1559,1219,79,0
4467,West,Grocery,374,388,12,3200,1629,81,0
4468,West,Apparel,300,204,13,1778,1091,86,0
4469,West,Electronics,227,253,8,4597,1864,45,1
4470,East,Electronics,173,146,14,4640,1896,73,0
4471,North,Apparel,469,49,8,3079,1083,58,1
4472,East,Grocery,445,43,1,1695,1742,51,1
4473,South,Electronics,83,182,6,3087,1630,82,1
4474,East,Grocery,324,87,1,1357,1606,92,0
4475,West,Electronics,146,462,9,2293,741,58,1
4476,East,Electronics,202,524,4,3258,834,76,1
4477,East,Grocery,196,182,6,3510,1633,70,1
4478,South,Grocery,430,167,5,1887,1953,53,0
4479,East,Grocery,352,34,5,938,773,54,0
4480,West,Apparel,419,254,9,4884,1556,87,1
4481,South,Grocery,477,208,3,4309,1248,58,1
4482,West,Electronics,112,38,9,4403,1152,87,1
4483,East,Electronics,198,32,13,2942,1355,56,0
4484,South,Electronics,190,367,2,1375,1472,58,1
4485,West,Apparel,77,59,12,1691,1882,60,0
4486,South,Grocery,433,187,14,3830,1349,90,0
4487,North,Electronics,464,101,6,4129,682,92,1
4488,West,Apparel,149,326,5,983,1293,92,1
4489,West,Apparel,476,337,1,390,935,70,0
4490,South,Apparel,302,325,9,1952,1311,45,0
4491,East,Electronics,204,147,1,884,1146,64,1
4492,West,Grocery,111,490,14,4924,1541,69,0
4493,North,Apparel,204,187,12,1381,566,76,0
4494,East,Grocery,235,184,3,2506,632,92,1
4495,West,Electronics,314,357,12,3352,1355,67,0
4496,South,Grocery,395,346,12,3502,1819,92,0
4497,East,Electronics,173,145,4,1747,1330,65,0
4498,West,Apparel,315,545,3,2367,516,85,1
4499,North,Grocery,204,445,14,2264,753,47,0
4500,West,Electronics,311,472,13,3916,1452,76,0
4501,East,Electronics,78,528,14,1810,1097,89,0
4502,South,Apparel,127,293,12,3849,940,40,0
4503,North,Electronics,490,410,4,309,1461,64,1
4504,West,Apparel,58,193,4,949,1248,56,1
4505,North,Grocery,399,71,12,4043,1057,63,0
4506,North,Apparel,275,246,8,3920,854,94,1
4507,North,Grocery,303,486,12,1353,1476,42,0
4508,East,Apparel,137,278,4,3890,1592,58,1
4509,West,Apparel,59,202,8,2820,1911,99,1
4510,North,Grocery,317,327,11,2782,1242,73,0
4511,East,Apparel,334,332,9,590,1723,82,1
4512,South,Apparel,201,598,10,2793,1866,82,1
4513,East,Grocery,217,427,13,4862,1190,70,0
4514,West,Grocery,365,276,11,3808,1405,90,0
4515,North,Apparel,312,287,13,774,1761,86,0
4516,East,Apparel,99,269,14,1895,928,94,0
4517,East,Electronics,216,317,8,4357,928,48,0
4518,West,Grocery,99,95,14,4521,933,51,0
4519,East,Apparel,292,485,9,4391,1962,94,1
4520,North,Electronics,419,333,5,3927,1227,92,1
4521,West,Apparel,231,227,8,4022,1407,84,1
4522,North,Apparel,353,294,6,1365,1646,89,1
4523,North,Apparel,127,252,12,1827,1721,41,0
4524,East,Grocery,164,50,3,2131,1996,97,0
4525,South,Apparel,168,522,14,246,1854,66,0
4526,West,Apparel,250,363,5,236,1831,45,1
4527,South,Apparel,130,570,6,4049,1227,76,1
4528,West,Electronics,247,408,10,1293,502,79,1
4529,North,Grocery,180,362,5,1111,875,53,0
4530,East,Electronics,84,84,7,3062,1889,94,1
4531,South,Apparel,218,298,13,3761,1441,57,0
4532,East,Apparel,291,148,1,4950,1898,89,1
4533,East,Electronics,438,180,11,753,1947,69,0
4534,South,Grocery,411,560,8,4613,1907,74,1
4535,East,Apparel,453,316,14,2521,680,72,0
4536,East,Electronics,269,232,14,1044,782,90,0
4537,West,Apparel,368,561,5,4927,1964,99,1
4538,West,Grocery,140,491,13,1825,1918,82,0
4539,North,Grocery,484,193,1,845,745,47,1
4540,North,Electronics,121,435,5,4273,923,64,0
4541,South,Apparel,414,107,11,4423,1738,81,0
4542,North,Electronics,246,435,3,2214,1443,53,1
4543,South,Grocery,218,557,10,4566,1598,64,0
4544,North,Electronics,72,170,3,4939,1666,41,1
4545,South,Electronics,447,206,11,579,1520,96,0
4546,West,Electronics,278,31,2,2976,542,81,0
4547,East,Grocery,168,327,9,1580,1793,75,0
4548,South,Grocery,291,516,13,4116,1908,70,0
4549,South,Grocery,251,245,6,876,695,64,1
4550,North,Apparel,433,267,9,997,504,77,1
4551,West,Apparel,329,110,10,4904,996,74,1
4552,North,Grocery,115,204,8,815,882,48,1
4553,West,Grocery,429,284,3,3472,1087,96,0
4554,North,Electronics,407,65,14,241,990,59,0
4555,West,Apparel,64,460,2,364,1658,78,1
4556,East,Grocery,161,378,10,4137,580,72,0
4557,West,Electronics,486,121,11,1332,912,68,0
4558,East,Grocery,76,460,3,669,985,44,1
4559,East,Apparel,158,550,11,607,825,64,0
4560,South,Electronics,131,529,6,1597,1118,63,0
4561,West,Grocery,230,338,8,1079,637,90,1
4562,South,Apparel,101,314,1,3728,1787,48,1
4563,South,Electronics,272,284,14,1686,1495,48,0
4564,East,Apparel,167,132,3,2169,1727,67,1
4565,South,Apparel,252,150,14,1157,1547,95,0
4566,East,Electronics,201,584,2,829,914,49,1
4567,North,Grocery,471,411,7,798,989,79,0
4568,North,Grocery,234,480,3,4978,1001,49,1
4569,West,Apparel,155,86,7,3416,1784,86,1
4570,West,Electronics,62,216,2,1775,652,48,1
4571,South,Grocery,64,46,3,713,1444,54,1
4572,East,Electronics,479,541,3,1691,1761,83,0
4573,South,Electronics,387,462,1,638,1188,99,0
4574,North,Electronics,427,480,5,4304,647,87,1
4575,North,Electronics,208,258,11,471,1049,59,0
4576,West,Electronics,142,571,14,1192,1831,84,0
4577,South,Apparel,421,304,3,837,769,99,1
4578,East,Electronics,202,112,4,2497,1234,78,1
4579,North,Apparel,363,270,6,2625,986,50,1
4580,South,Grocery,426,417,2,4445,1938,45,1
4581,West,Grocery,246,283,4,895,946,51,0
4582,West,Electronics,147,391,2,783,1344,56,1
4583,North,Apparel,281,456,5,4734,741,72,0
4584,West,Electronics,419,460,2,3284,1394,75,1
4585,East,Electronics,321,423,11,4493,1700,98,0
4586,East,Apparel,335,492,7,3321,784,73,1
4587,South,Grocery,261,217,10,1256,1580,97,1
4588,South,Electronics,328,44,4,3284,1104,88,1
4589,South,Electronics,260,30,8,885,1390,69,0
4590,East,Electronics,291,488,9,2334,1285,70,0
4591,South,Electronics,177,306,9,3875,1013,71,1
4592,North,Grocery,154,214,3,3981,1850,45,1
4593,West,Grocery,168,330,6,832,1843,68,1
4594,North,Grocery,433,33,7,4913,1417,98,0
4595,East,Electronics,366,210,3,3256,1879,48,0
4596,West,Electronics,390,361,11,456,729,63,0
4597,East,Apparel,457,366,14,4526,1088,94,0
4598,East,Grocery,166,91,10,4369,1244,90,1
4599,West,Apparel,419,60,3,3555,1796,93,0
4600,West,Apparel,282,375,12,671,545,92,0
4601,South,Grocery,180,50,9,1711,1070,85,0
4602,South,Electronics,128,250,7,1253,1382,68,1
4603,West,Apparel,217,310,11,1669,1154,88,0
4604,South,Apparel,387,203,1,3112,1201,43,1
4605,North,Grocery,106,267,8,3625,1124,59,1
4606,West,Grocery,248,539,14,785,1835,93,0
4607,North,Electronics,347,526,1,3557,1794,50,1
4608,South,Grocery,216,236,14,4833,985,78,0
4609,South,Apparel,471,394,9,4956,1380,97,1
4610,East,Grocery,309,63,11,2617,785,74,0
4611,North,Grocery,245,528,7,2029,1724,56,1
4612,South,Grocery,132,386,3,1386,1726,63,1
4613,West,Apparel,350,440,3,4832,1957,93,0
4614,North,Grocery,431,37,13,4117,1640,48,0
4615,North,Grocery,333,84,14,4509,1560,44,0
4616,South,Electronics,72,523,7,1526,1988,83,1
4617,West,Electronics,137,398,3,3085,1558,54,1
4618,East,Electronics,360,468,3,1022,504,44,0
4619,West,Apparel,193,381,3,1226,692,70,1
4620,South,Electronics,245,494,1,577,1505,84,0
4621,North,Apparel,458,483,12,1313,1142,56,0
4622,North,Apparel,461,493,3,450,1324,75,1
4623,West,Electronics,233,121,7,1286,1041,96,1
4624,East,Electronics,428,80,14,4802,1904,46,0
4625,North,Electronics,406,185,4,2968,1041,97,1
4626,East,Electronics,262,546,14,4070,1831,91,0
4627,North,Apparel,325,433,12,1855,1776,42,0
4628,West,Apparel,235,225,2,2975,1410,78,1
4629,South,Apparel,251,215,12,2298,1971,48,0
4630,North,Grocery,318,593,8,2902,521,62,1
4631,South,Grocery,259,583,3,3813,1808,87,1
4632,North,Apparel,159,561,9,1995,513,40,0
4633,West,Grocery,228,572,14,4334,1502,46,0
4634,North,Electronics,442,73,5,1670,1260,40,1
4635,West,Grocery,178,554,13,1516,1578,93,0
4636,North,Electronics,176,77,10,3773,1163,66,1
4637,East,Grocery,246,46,10,1227,1676,87,1
4638,East,Grocery,161,200,9,288,1609,74,1
4639,West,Electronics,188,566,7,1724,1114,45,1
4640,South,Electronics,359,147,13,1322,1889,42,0
4641,South,Apparel,324,416,7,3668,1924,93,1
4642,East,Grocery,239,84,9,544,1559,77,1
4643,West,Electronics,250,286,7,4844,1901,75,0
4644,North,Apparel,439,428,8,4873,1543,73,1
4645,North,Apparel,212,113,1,4418,1228,64,1
4646,South,Electronics,426,462,10,4056,1841,63,1
4647,West,Apparel,209,194,10,1177,1052,96,1
4648,West,Electronics,391,436,4,3945,1461,53,1
4649,North,Grocery,470,503,10,2000,1105,82,1
4650,North,Apparel,162,45,10,1330,1676,50,1
4651,South,Apparel,276,440,13,2375,1919,80,0
4652,West,Apparel,52,288,14,3828,1386,87,0
4653,South,Electronics,393,54,8,3339,660,51,1
4654,West,Grocery,435,529,9,2846,551,69,1
4655,South,Electronics,277,389,8,1085,975,51,1
4656,South,Electronics,100,264,6,2251,755,48,0
4657,South,Electronics,402,556,12,2637,1792,90,0
4658,West,Apparel,455,596,10,2217,1523,47,1
4659,South,Grocery,165,537,10,2373,953,40,1
4660,West,Apparel,371,111,10,1779,1239,40,1
4661,West,Grocery,290,75,1,2931,1247,55,1
4662,West,Grocery,426,273,11,3588,1973,79,0
4663,South,Apparel,205,496,8,945,1627,84,1
4664,East,Grocery,443,362,11,4104,890,52,0
4665,North,Apparel,287,403,2,2354,1476,42,1
4666,East,Electronics,158,549,13,4695,1471,51,0
4667,West,Apparel,263,189,6,2770,1579,58,1
4668,West,Apparel,126,249,3,1867,648,99,0
4669,East,Electronics,330,534,14,1948,969,66,0
4670,East,Apparel,449,362,12,4961,1774,84,0
4671,West,Apparel,483,455,7,916,958,67,1
4672,West,Grocery,485,318,1,4028,1241,82,0
4673,North,Electronics,312,537,14,1820,991,67,0
4674,East,Apparel,384,245,9,1357,1672,88,1
4675,North,Electronics,392,585,6,2833,1167,67,1
4676,East,Apparel,306,510,13,1936,1659,52,0
4677,West,Electronics,383,266,10,4026,1890,84,0
4678,North,Apparel,400,203,4,1465,1434,82,1
4679,South,Electronics,433,160,14,4584,806,86,0
4680,West,Apparel,121,594,11,2783,1700,51,0
4681,South,Grocery,122,582,4,1666,1100,48,0
4682,East,Electronics,299,547,14,3049,662,75,0
4683,South,Grocery,99,412,9,598,827,89,1
4684,West,Electronics,113,586,6,255,823,69,1
4685,East,Apparel,443,305,8,876,1411,98,1
4686,South,Grocery,158,536,4,700,1411,95,1
4687,North,Apparel,359,561,5,3041,1361,46,1
4688,East,Electronics,250,75,5,2589,1962,59,0
4689,North,Apparel,172,117,1,2660,1292,81,1
4690,North,Electronics,423,570,4,2625,1970,42,0
4691,East,Grocery,218,509,4,3661,1583,72,1
4692,West,Grocery,187,79,9,4358,725,41,0
4693,East,Grocery,430,501,10,4863,763,68,1
4694,West,Grocery,442,272,10,4136,847,83,0
4695,South,Electronics,217,253,7,3893,549,62,1
4696,North,Grocery,344,501,11,4387,1871,78,0
4697,West,Apparel,356,127,6,881,598,85,1
4698,West,Grocery,163,42,7,234,1811,47,1
4699,North,Grocery,401,530,4,2423,1641,83,1
4700,East,Apparel,118,31,6,3369,1673,67,1
4701,South,Grocery,317,544,14,3200,688,49,0
4702,West,Electronics,451,587,1,2795,1655,50,1
4703,East,Electronics,317,78,11,2913,690,92,0
4704,East,Electronics,75,128,11,3878,1975,94,0
4705,South,Electronics,488,558,2,4488,1265,65,1
4706,North,Apparel,410,127,4,1767,1561,40,0
4707,North,Electronics,166,579,11,3360,1120,56,0
4708,West,Grocery,425,420,4,3580,715,65,0
4709,North,Electronics,121,579,9,351,1166,81,0
4710,East,Electronics,163,510,5,4212,1059,86,0
4711,West,Apparel,105,584,5,1625,1039,81,1
4712,South,Apparel,417,440,3,4294,851,40,0
4713,North,Grocery,418,416,3,676,753,54,1
4714,North,Electronics,471,241,2,3607,1255,40,1
4715,North,Apparel,111,485,3,289,1916,80,1
4716,East,Apparel,148,118,10,307,1450,58,1
4717,North,Apparel,284,355,11,2936,1943,63,0
4718,South,Grocery,73,30,12,1244,973,78,0
4719,North,Grocery,363,127,11,1387,1650,91,0
4720,South,Electronics,257,76,9,3504,1193,90,0
4721,South,Apparel,353,138,2,2163,1088,56,1
4722,North,Apparel,352,194,5,1756,866,95,1
4723,East,Grocery,306,353,2,2903,676,58,1
4724,South,Grocery,151,93,3,3088,1010,91,1
4725,East,Electronics,452,372,2,1416,1649,48,0
4726,East,Electronics,378,106,6,3743,1901,72,1
4727,East,Apparel,398,176,14,4115,805,98,0
4728,West,Apparel,402,554,6,1914,841,81,0
4729,South,Apparel,133,553,7,4364,565,62,0
4730,South,Grocery,264,337,12,3063,1160,60,0
4731,East,Grocery,282,598,4,2378,937,67,0
4732,West,Apparel,54,44,2,2176,588,79,0
4733,West,Grocery,55,259,7,862,1421,44,0
4734,North,Grocery,129,596,10,1939,1969,57,0
4735,West,Electronics,217,37,1,2503,812,98,1
4736,South,Electronics,81,203,6,3906,967,90,0
4737,West,Apparel,410,148,13,4216,1444,74,0
4738,North,Electronics,255,302,13,1696,1713,69,0
4739,West,Electronics,394,537,6,2284,1072,51,1
4740,East,Electronics,380,355,8,4824,570,44,1
4741,South,Grocery,446,182,7,3533,1951,93,1
4742,South,Grocery,154,245,2,3446,1716,97,0
4743,West,Grocery,398,334,10,2871,1042,92,1
4744,East,Apparel,127,398,14,2041,984,44,0
4745,South,Grocery,260,498,14,423,1730,63,0
4746,West,Apparel,184,483,5,517,612,87,1
4747,West,Grocery,331,193,9,563,801,94,0
4748,East,Apparel,70,515,5,4511,956,57,1
4749,North,Electronics,51,137,11,2623,1078,73,0
4750,North,Electronics,337,334,5,909,1303,44,1
4751,West,Apparel,446,232,2,2737,637,47,0
4752,East,Electronics,290,169,11,938,608,49,0
4753,East,Electronics,218,368,7,2168,1122,55,1
4754,West,Grocery,166,72,4,1911,829,95,1
4755,East,Apparel,429,599,10,2907,1342,86,1
4756,North,Grocery,324,460,11,643,1994,92,0
4757,South,Apparel,121,481,6,4063,1176,49,0
4758,East,Electronics,59,136,2,3688,1032,62,1
4759,West,Grocery,363,49,13,3660,1860,83,0
4760,North,Grocery,50,497,11,2398,1572,83,0
4761,South,Grocery,249,491,10,3519,667,41,1
4762,South,Apparel,361,95,12,242,1270,47,0
4763,South,Grocery,285,36,12,3735,871,48,0
4764,West,Grocery,441,202,7,4959,1960,91,1
4765,West,Grocery,186,183,4,1880,1927,52,1
4766,East,Electronics,66,531,3,3857,788,40,1
4767,East,Apparel,354,535,4,478,1510,46,1
4768,North,Grocery,160,317,12,4115,1475,42,0
4769,South,Grocery,104,285,12,3412,1906,91,0
4770,South,Apparel,116,74,12,4689,1187,68,0
4771,South,Electronics,284,40,10,4544,1949,98,1
4772,East,Grocery,261,567,1,1290,1386,57,0
4773,South,Electronics,494,242,5,1437,737,54,1
4774,East,Grocery,56,457,4,2245,1998,59,1
4775,South,Grocery,246,255,11,1966,1914,54,0
4776,South,Grocery,293,539,11,3347,1355,84,0
4777,North,Electronics,461,117,5,1281,1027,44,1
4778,West,Grocery,276,176,5,3055,1205,84,0
4779,North,Grocery,414,291,6,2896,1076,42,1
4780,North,Apparel,487,505,9,4445,628,73,0
4781,East,Electronics,66,82,2,3314,1894,91,1
4782,West,Apparel,424,531,8,3228,1656,76,1
4783,West,Electronics,377,62,11,2494,1500,47,0
4784,South,Apparel,113,213,4,3011,774,49,0
4785,South,Electronics,59,437,13,4633,538,48,0
4786,South,Grocery,453,120,11,868,1270,90,0
4787,South,Grocery,302,316,10,4764,1692,86,1
4788,South,Electronics,329,199,3,2337,1753,80,1
4789,West,Electronics,381,467,5,3660,1295,84,1
4790,West,Apparel,398,546,14,1862,1812,66,0
4791,East,Apparel,452,231,8,639,978,95,1
4792,West,Grocery,62,501,11,3447,670,43,0
4793,North,Grocery,69,389,7,3181,1891,76,1
4794,North,Grocery,272,62,10,1627,1432,54,1
4795,East,Apparel,248,108,10,1179,922,89,1
4796,West,Electronics,429,39,14,1618,1187,73,0
4797,West,Grocery,55,340,2,3854,1225,90,0
4798,East,Grocery,139,303,1,2703,1905,92,1
4799,North,Apparel,391,70,13,3176,1951,93,0
4800,West,Apparel,87,596,13,1817,1934,74,0
4801,North,Apparel,220,567,6,2493,1452,78,1
4802,North,Apparel,342,185,10,1319,684,85,1
4803,West,Grocery,359,507,12,4878,793,52,0
4804,South,Electronics,492,271,1,960,1053,47,1
4805,East,Grocery,70,144,7,3635,1980,72,1
4806,South,Grocery,499,246,13,3719,1908,61,0
4807,West,Electronics,277,261,13,2792,523,66,0
4808,South,Grocery,80,542,13,3522,1041,62,0
4809,North,Apparel,62,262,8,2151,832,69,1
4810,North,Grocery,292,532,2,4866,1985,49,1
4811,West,Grocery,205,374,9,439,1231,71,0
4812,South,Apparel,107,514,10,3625,1034,45,0
4813,West,Electronics,418,412,2,4866,831,91,0
4814,West,Grocery,366,294,11,967,1195,58,0
4815,West,Electronics,371,569,4,2515,1627,40,1
4816,North,Grocery,461,381,2,336,1070,64,1
4817,North,Apparel,322,411,5,304,787,94,0
4818,East,Grocery,235,497,11,3531,1195,62,0
4819,West,Electronics,365,387,7,4174,645,57,1
4820,South,Grocery,354,123,2,1275,998,94,1
4821,North,Electronics,340,172,12,880,1402,83,0
4822,North,Grocery,121,62,2,3050,1509,64,1
4823,South,Apparel,70,186,12,538,1316,81,0
4824,East,Electronics,361,224,12,933,1126,70,0
4825,East,Apparel,444,342,1,3463,965,58,0
4826,West,Electronics,189,521,3,3582,1463,57,1
4827,North,Apparel,369,390,1,3699,1121,68,0
4828,South,Electronics,359,161,9,2390,1938,48,1
4829,South,Grocery,50,360,5,2681,1823,91,1
4830,East,Grocery,60,71,3,1766,1631,43,1
4831,West,Grocery,124,475,13,1443,1567,51,0
4832,South,Grocery,366,105,9,2912,554,59,0
4833,North,Electronics,202,414,3,692,1664,81,1
4834,East,Apparel,333,515,10,376,1791,56,1
4835,East,Electronics,401,243,7,2371,1446,57,1
4836,North,Electronics,469,302,14,2801,1492,50,0
4837,West,Grocery,147,262,7,4160,973,91,1
4838,West,Apparel,111,210,4,1218,1268,62,0
4839,East,Electronics,402,428,13,3202,868,76,0
4840,East,Electronics,63,95,14,733,671,98,0
4841,South,Grocery,116,301,6,3769,1629,78,1
4842,South,Apparel,146,220,12,944,885,44,0
4843,South,Apparel,387,536,4,394,520,62,1
4844,East,Apparel,136,364,3,2853,1192,99,1
4845,South,Apparel,139,504,4,4836,1129,96,0
4846,East,Grocery,439,202,2,3052,1931,66,1
4847,South,Electronics,417,594,2,3536,1656,89,0
4848,East,Electronics,403,469,7,4729,1343,52,1
4849,West,Apparel,193,379,1,512,544,89,0
4850,West,Apparel,257,538,1,4968,531,80,1
4851,East,Apparel,200,318,13,1329,1517,94,0
4852,North,Apparel,89,434,13,2116,1179,87,0
4853,North,Electronics,471,107,4,4322,1442,48,1
4854,South,Electronics,488,205,3,446,1340,89,0
4855,North,Apparel,66,87,13,1831,1965,97,0
4856,East,Apparel,271,270,1,1326,1574,83,1
4857,South,Electronics,439,571,5,1504,1743,51,1
4858,West,Grocery,215,33,7,3384,1938,54,1
4859,East,Electronics,195,130,2,595,1978,97,1
4860,North,Grocery,319,229,10,1612,665,45,1
4861,East,Apparel,491,57,5,2226,1706,86,0
4862,East,Grocery,63,272,9,616,1023,91,1
4863,North,Electronics,320,573,12,3397,701,62,0
4864,East,Electronics,313,569,14,3147,1880,88,0
4865,South,Grocery,461,474,2,465,751,61,0
4866,South,Apparel,489,120,3,4397,1040,74,0
4867,North,Apparel,245,44,2,1053,686,61,1
4868,East,Electronics,417,513,13,1887,1633,48,0
4869,East,Apparel,331,560,11,2580,1840,65,0
4870,North,Grocery,165,55,12,2051,1259,61,0
4871,North,Electronics,418,454,11,1741,1603,86,0
4872,East,Electronics,63,115,14,1679,1872,78,0
4873,South,Electronics,462,273,7,3041,820,56,1
4874,West,Grocery,274,570,7,1610,626,93,1
4875,East,Electronics,408,567,4,3798,1599,86,1
4876,West,Grocery,490,180,12,1960,946,50,0
4877,East,Electronics,93,354,3,3319,1663,63,1
4878,East,Electronics,100,445,12,4685,1741,47,0
4879,West,Apparel,286,121,14,4834,840,46,0
4880,West,Grocery,167,35,11,2641,650,46,0
4881,North,Apparel,387,419,8,3322,1794,51,0
4882,East,Apparel,69,417,12,1177,1245,76,0
4883,East,Apparel,236,370,4,3013,1779,52,0
4884,West,Grocery,220,143,12,4156,529,93,0
4885,North,Apparel,452,323,13,441,1008,59,0
4886,West,Grocery,167,347,6,1357,570,72,1
4887,East,Electronics,218,217,4,519,502,89,1
4888,West,Grocery,204,564,11,4943,1000,48,0
4889,West,Electronics,461,584,5,3741,1834,41,1
4890,South,Apparel,385,56,7,3269,960,56,1
4891,North,Electronics,156,43,1,1968,1149,47,1
4892,North,Apparel,143,53,8,3538,1232,87,1
4893,East,Electronics,96,456,5,1455,1742,49,1
4894,East,Grocery,145,314,9,465,754,41,1
4895,South,Electronics,402,536,12,4052,1127,62,0
4896,West,Apparel,468,166,8,1258,792,69,1
4897,East,Electronics,257,340,5,413,1674,99,1
4898,South,Apparel,279,378,14,429,1099,44,0
4899,West,Electronics,152,424,2,1109,829,65,0
4900,East,Grocery,221,191,13,2269,1186,71,0
4901,South,Grocery,176,457,5,2115,860,84,1
4902,West,Grocery,498,394,7,4483,1113,70,1
4903,North,Grocery,117,458,1,3422,1951,67,1
4904,South,Electronics,108,90,2,819,566,91,0
4905,East,Electronics,275,491,13,3018,1021,95,0
4906,North,Electronics,51,156,4,1966,1774,68,1
4907,North,Electronics,199,429,7,1320,1525,70,1
4908,West,Grocery,446,582,14,2866,962,41,0
4909,West,Grocery,98,221,4,2290,718,66,0
4910,South,Grocery,147,80,10,1731,1805,40,1
4911,North,Electronics,268,384,9,573,1988,45,1
4912,South,Electronics,266,464,1,548,1936,52,1
4913,West,Electronics,357,105,13,3800,872,98,0
4914,East,Electronics,427,409,2,2374,1355,62,1
4915,East,Electronics,216,464,12,2338,801,74,0
4916,South,Grocery,493,357,12,1588,1192,69,0
4917,North,Apparel,250,145,6,3887,1824,61,1
4918,East,Apparel,77,67,3,2571,885,83,1
4919,East,Grocery,169,60,14,1698,591,90,0
4920,South,Apparel,222,450,4,1499,1836,85,1
4921,West,Apparel,308,289,9,1898,1704,67,1
4922,East,Apparel,464,262,4,669,1688,65,1
4923,East,Apparel,277,186,1,3666,881,82,0
4924,East,Electronics,191,379,7,2141,1557,84,1
4925,West,Electronics,434,145,6,1587,1258,51,1
4926,East,Grocery,309,282,14,1394,1560,74,0
4927,North,Apparel,280,473,12,4088,1056,77,0
4928,South,Apparel,84,83,1,3970,741,63,0
4929,South,Apparel,338,314,8,1289,954,57,1
4930,South,Apparel,81,329,2,3901,1424,46,1
4931,North,Electronics,187,402,14,1069,1538,42,0
4932,South,Grocery,236,575,3,4097,1681,75,0
4933,East,Grocery,379,555,6,2507,1777,86,1
4934,East,Apparel,432,469,13,2700,1475,45,0
4935,North,Electronics,418,161,8,1147,1789,54,1
4936,West,Apparel,475,63,7,1396,595,95,1
4937,North,Electronics,159,574,2,4479,1357,42,0
4938,North,Apparel,211,189,1,1102,672,71,0
4939,East,Apparel,480,429,5,2886,934,52,1
4940,South,Electronics,135,91,11,3972,1038,82,0
4941,West,Apparel,261,261,11,2610,1925,95,0
4942,West,Grocery,132,488,12,3181,1316,53,0
4943,East,Electronics,457,313,2,4611,1936,90,1
4944,South,Electronics,316,341,3,3849,720,79,1
4945,North,Grocery,268,166,6,4333,843,71,1
4946,North,Apparel,179,275,6,2233,747,91,1
4947,West,Apparel,396,361,6,2386,1312,63,1
4948,East,Apparel,162,47,7,3544,1824,44,1
4949,North,Grocery,440,290,7,3199,590,96,0
4950,North,Grocery,98,569,2,3453,969,60,1
4951,South,Grocery,243,57,6,4484,1076,66,1
4952,East,Electronics,147,156,14,2693,649,90,0
4953,West,Grocery,340,304,2,4031,1243,98,1
4954,East,Grocery,170,342,5,4950,1198,93,0
4955,East,Grocery,376,407,8,4042,967,82,0
4956,South,Grocery,315,172,11,1383,1640,90,0
4957,South,Electronics,231,36,2,4876,722,40,0
4958,South,Apparel,235,241,4,506,687,49,0
4959,South,Electronics,313,121,13,3242,1980,85,0
4960,East,Grocery,123,226,8,1466,1080,70,1
4961,North,Apparel,492,70,2,3570,1148,86,1
4962,South,Grocery,59,56,10,1042,640,69,1
4963,North,Electronics,104,155,3,201,1904,92,1
4964,West,Electronics,348,543,3,3576,1272,47,1
4965,North,Apparel,496,226,5,825,582,65,0
4966,East,Grocery,394,147,12,1232,975,64,0
4967,South,Apparel,319,163,4,4321,816,72,1
4968,East,Electronics,226,168,13,1592,1933,70,0
4969,East,Apparel,222,264,2,1760,1854,82,1
4970,West,Electronics,201,174,9,1196,1008,76,0
4971,North,Grocery,74,369,13,3540,1317,76,0
4972,North,Grocery,325,80,10,4869,1897,96,1
4973,East,Apparel,199,468,14,1791,1931,54,0
4974,South,Apparel,358,78,6,2354,1371,96,0
4975,East,Grocery,81,487,7,3070,1277,45,0
4976,North,Electronics,396,327,2,4643,748,58,1
4977,West,Apparel,97,107,5,2759,1267,84,0
4978,North,Electronics,485,325,11,1709,1797,74,0
4979,East,Apparel,480,563,13,1585,848,68,0
4980,West,Electronics,63,320,14,343,1377,74,0
4981,North,Apparel,366,194,11,2001,1664,58,0
4982,East,Electronics,297,448,5,3540,965,76,1
4983,North,Grocery,235,418,11,2101,785,56,0
4984,West,Electronics,115,252,8,2820,686,84,0
4985,South,Electronics,442,186,11,3913,1692,75,0
4986,South,Grocery,414,300,6,2794,1777,99,1
4987,North,Apparel,86,467,14,1564,1387,64,0
4988,North,Electronics,375,596,5,2702,1465,85,1
4989,West,Grocery,356,374,14,2530,1750,74,0
4990,South,Apparel,95,215,1,4211,643,52,1
4991,South,Grocery,407,190,5,3726,1265,77,1
4992,West,Grocery,181,226,14,4535,508,40,0
4993,North,Electronics,125,526,8,4448,1041,64,1
4994,West,Apparel,144,183,3,2300,1689,43,1
4995,South,Grocery,364,542,11,473,1531,42,0
4996,North,Grocery,325,95,5,4952,1576,52,1
4997,South,Electronics,434,282,3,2299,562,43,1
4998,East,Electronics,325,551,3,2473,882,88,1
4999,East,Apparel,443,182,5,2516,1203,79,1
5000,South,Electronics,421,161,9,3763,1301,67,0
